image_id,tex_all_-85.0,tex_all_-75.0,tex_all_-65.0,tex_all_-55.0,tex_all_-45.0,tex_all_-35.0,tex_all_-25.0,tex_all_-15.0,tex_all_-5.0,tex_all_5.0,tex_all_15.0,tex_all_25.0,tex_all_35.0,tex_all_45.0,tex_all_55.0,tex_all_65.0,tex_all_75.0,tex_all_85.0,obj_si_aw_-85.0,obj_si_aw_-75.0,obj_si_aw_-65.0,obj_si_aw_-55.0,obj_si_aw_-45.0,obj_si_aw_-35.0,obj_si_aw_-25.0,obj_si_aw_-15.0,obj_si_aw_-5.0,obj_si_aw_5.0,obj_si_aw_15.0,obj_si_aw_25.0,obj_si_aw_35.0,obj_si_aw_45.0,obj_si_aw_55.0,obj_si_aw_65.0,obj_si_aw_75.0,obj_si_aw_85.0
img_0grcilhi,0.029575552868134326,0.03528112199073753,0.05182826629427872,0.07796024630676113,0.09225517910252923,0.08695381284845037,0.08467852240966015,0.07441400695698686,0.06903725671805118,0.06257669348162564,0.05815843546027472,0.05723980161639754,0.05205201222075655,0.04491734948358681,0.03630323467140016,0.031293383213022545,0.02788486908469952,0.02759025527264701,0.0,0.09289770111414627,0.006549829655320585,0.06770817347533839,0.021177987170436757,0.06077161535864461,0.010094840551241522,0.17140664804640743,0.01402657990853565,0.2737976121052147,0.013590743071115068,0.011973235935054173,0.06182130689665756,0.0,0.1554065252754673,0.01143918234553881,0.023728553451398054,0.0036094656394831345
img_3806gxp0,0.03483337517336207,0.035037950831960395,0.037654204136116164,0.04534818218976644,0.04999302727295478,0.05179515737262528,0.05369895053676526,0.05699855921865538,0.05622995092586872,0.05707295397073468,0.060888360579104024,0.06715360728403307,0.07669136301888431,0.08595599176433177,0.08134627714446857,0.06229363235370511,0.04864211739494068,0.03836633883172329,0.01148751611768843,0.036704372289297856,0.00868157308639081,0.0159345328800844,0.012740300082053686,0.06631696166920642,0.012461903645528074,0.31552572969171255,0.3230351072558903,0.019802778103387646,0.01290880318837182,0.019018872347907632,0.018960262571796976,0.03172254131989216,0.06466123549408041,0.010344625483530653,0.008124780213339585,0.011568104559840581
img_4ih2ggld,0.04187076821361744,0.04436330064075427,0.04652938998136845,0.04983829061068029,0.06010685300059122,0.07032695102051176,0.0708596032961551,0.07295513009668432,0.06526104205688893,0.061025776821966665,0.06189408908737235,0.05973687615380946,0.05804079833140289,0.052905028771141976,0.04664710768138485,0.046734841708869046,0.04807009219673748,0.04283406033006351,0.007009274279942457,0.05070755920133044,0.02321120667666534,0.013804291267484925,0.037872527113750214,0.03419954495832186,0.09353861222490895,0.026863783375674657,0.04279024211074041,0.3733382306428739,0.09113076836746146,0.05025863916011141,0.029394059971636414,0.03278136573719813,0.05028924734473998,0.012702396620856418,0.007213328844132921,0.02289492210217012
img_5n1q8atc,0.045502834658667876,0.052347119908168115,0.05568179146284267,0.061468364080407845,0.06936250823747145,0.07304657276381872,0.06956525143554788,0.06299067234463926,0.06137183190143911,0.05830060315650436,0.05379522364632311,0.05346243104887862,0.05560345831629372,0.05263279036323825,0.04621292389924847,0.04424552229943799,0.04211352234983491,0.042296578127237645,0.08397077549693395,0.16971163832419692,0.010765020906898825,0.019985730928663674,0.02934190681754554,0.19723830252237445,0.04717824598795257,0.06449078380550714,0.09604529978596393,0.04268981025747546,0.022713110386619585,0.10663873059451454,0.049300544572785814,0.015190239232721328,0.01812533302025666,0.00562634901426004,0.008471132223717363,0.012517046121612224
img_71vgq3fw,0.03279607967371613,0.03626737590032054,0.05028722580944889,0.07119315009770147,0.08553252893815798,0.08573893613825717,0.07913526093339342,0.06876607111104549,0.060538382708192125,0.05951229126947125,0.05874796443055491,0.05846344240033278,0.058460066254694916,0.05211003085624762,0.04371833303344023,0.03707953842696821,0.032145635960630525,0.029507686057426343,0.09676017022834393,0.2143298402965268,0.04705303619640324,0.14976776643939047,0.03777513384889947,0.0,0.022599871871138974,0.026329336933144192,0.055890495584130326,0.013905413444378347,0.10725072072484328,0.0029057795268384204,0.009289342424381092,0.051360225140712944,0.019545371344895437,0.03566443966503455,0.031111289067862535,0.07846176726307601
img_9luzk4jm,0.03495855194765507,0.037952877519713074,0.046407980708675495,0.06138810668538821,0.07322044704556896,0.07702004891070209,0.07588954362134222,0.06851627810618417,0.06537872976558355,0.060708548018074376,0.06071165239926707,0.05738246815943638,0.05756767881516714,0.057089315229359214,0.053291036689439276,0.04455760725028129,0.03492832216756881,0.033030806960593614,0.028375169230086334,0.0910624320305391,0.0,0.1406718157001132,0.30733848236677985,0.05048050247464323,0.06593315134163392,0.06331979492642653,0.047095900747941497,0.01139112679494862,0.01635705883658477,0.036542601593537075,0.08948110171560468,0.006286481567791908,0.029529262933617417,0.007640322258472602,0.00849479548127927,0.0
img_avn74qx1,0.032717039306701876,0.03537300413313358,0.03985988375094772,0.04862409314096879,0.058600619651363,0.062472165385966165,0.0648484942362395,0.060915414702984255,0.06365874280543374,0.06729847327268737,0.07050632662015208,0.06992438291839,0.0726088962302256,0.072487377135841,0.06162104845007622,0.04649258194615294,0.03785359832602716,0.03413785798670902,0.052701212789415655,0.08090250433139078,0.003520239407780753,0.19281776657741376,0.006819971649078595,0.007969759017168059,0.10411875885966294,0.09271538825011813,0.11185226019845645,0.09185698535202394,0.02227122381477398,0.15230744999212475,0.044566073397385414,0.00702472830366987,0.022885493778547802,0.0,0.005670184280989132,0.0
img_b3esycq1,0.029113314670593478,0.03158281531529451,0.041838202011936776,0.06048494434784685,0.06329861325759985,0.06579774035372374,0.06691143307966317,0.06756276372760792,0.0706981191102332,0.07280649765610644,0.07097558487397186,0.07018223986569187,0.06900116468100048,0.06222039986119416,0.05396077394901239,0.042772101678204444,0.03204100441951852,0.02875228714080032,0.0055619674869124384,0.005329562329881394,0.026352381365045478,0.029290927926827828,0.006483709974120307,0.07220710056840787,0.047895157700685795,0.008366585653117577,0.2994835878629361,0.28903323393745545,0.005254719991176482,0.0030764140278177156,0.050053768311753795,0.015937479073688192,0.06879980462210528,0.02099524554195701,0.02188547546549965,0.023992878160611658
img_cfe5vt7s,0.029662394798264893,0.03609375641852328,0.044862548434159606,0.05507767784409278,0.06222169575354511,0.06776563524517093,0.06989706517896388,0.07128558153867282,0.07628158382131335,0.07503965356427504,0.07295344832211613,0.06706189556343475,0.06255069933317814,0.05741579550927941,0.05311016260010201,0.03945947137114482,0.030962756251834915,0.02829817845192813,0.12850200114351057,0.17703219573746573,0.001892707162713669,0.08848405985686401,0.016590761223162005,0.012302596557638847,0.04916109698152639,0.01813844364267266,0.14682281500759053,0.19304627274698843,0.04763805918653023,0.036952149997042646,0.00494864060251178,0.005835847085033812,0.03236332091244258,0.003765698625815737,0.009857849805800359,0.02666548372468997
img_epqdaau9,0.029998978746339878,0.03403201989221863,0.04408689367245697,0.06072797789982421,0.07747750500123368,0.08146211663585318,0.07317143051968383,0.07139630891226574,0.07869767912885488,0.0763355668974034,0.05740287316053957,0.05492278681310807,0.05615032760703423,0.053863495493112624,0.05494247854654615,0.0392192988112425,0.028401010918091246,0.027711251344191216,0.0015285506681317123,0.11433558997625208,0.0,0.005095168893772374,0.22014674086414066,0.02194910147804204,0.0541549994683302,0.03874543650090384,0.25918459575373054,0.030442526494878247,0.04999025272037713,0.07505848367773721,0.021244638996207422,0.07902385425158615,0.009490305887356892,0.009064970049268067,0.001501967178251161,0.009042817141034274
img_f1vzngrs,0.028792818160729292,0.038169447756061625,0.05440855604548881,0.08411218219371809,0.11078892135920812,0.10956038515392481,0.09528584907705087,0.07589721918873202,0.06638848496879554,0.05544566501797138,0.04608769542440561,0.04366660857867069,0.03955031992225509,0.03790357147918195,0.03472669825415233,0.028119487764402207,0.024629980108643038,0.026466109546608517,0.0,0.027118957652868803,0.008905635135808268,0.022080851639163446,0.014317329519173978,0.00917248397127995,0.1658198663621032,0.17793836147699052,0.06673711475923119,0.08676856734197212,0.02394879348746522,0.1616783724355827,0.0,0.07249037565200066,0.09792996463363433,0.002536842929217457,0.013982878978716137,0.048573604024792036
img_ffwubibz,0.026771743866588694,0.032443177381656085,0.04436317679678244,0.06120587515321466,0.07327907207152175,0.0781687972967121,0.0756966775373076,0.07332504775440248,0.07316342810137805,0.0759074381511558,0.07236934703180786,0.06764310034720662,0.06311978452435717,0.05339825456217886,0.04153112153073633,0.03315138454735621,0.02786627322373292,0.026596300121904372,0.0,0.0,0.0009734082562718463,0.013532903095311839,0.014038569721946564,0.2257991112909037,0.12238396531126941,0.009651911735890322,0.006731686967074782,0.018349377714007596,0.17468885700379883,0.28139715688939176,0.004260241329397561,0.00596686619428976,0.040067759327969056,0.050143166863665954,0.03052330175023861,0.00149171654857244
img_fzrt2k6r,0.029137776865589642,0.03192113036292889,0.04258119746151004,0.056244271208822624,0.0677941371248543,0.07109564002495247,0.07042585739243377,0.06681071790201418,0.06906834377921278,0.06878974317203215,0.06873086338731152,0.06575676115058615,0.06243888495635231,0.06053066004327193,0.05762265366265329,0.04552709771537489,0.03534030705343284,0.030183956736666243,0.0,0.0,0.01542955457200952,0.05579580569752155,0.08156527547039005,0.016452555176509877,0.07237095185556246,0.006510003846820455,0.00957055110987111,0.22050735757252948,0.09664819347393251,0.0,0.04470766278180074,0.11673197806889613,0.036417976065167675,0.19769698045730663,0.007693640909878719,0.021901512941803102
img_hawkfj64,0.028466275831137398,0.0332020139643519,0.04409664121814602,0.06038729442219496,0.07465378698179986,0.07767860295842771,0.0762519776805394,0.07712896023083762,0.07478390866982294,0.07262687510330464,0.06742412251933132,0.06471312731643807,0.059819270038505803,0.05179803523037849,0.042931836251072254,0.035785001387886935,0.031464061941010056,0.02678820825481459,0.009216957076073099,0.0025339991500212497,0.05335210369740757,0.004154271143221419,0.004276455588610285,0.0,0.16327560560985976,0.048671908202294945,0.050148746281342964,0.15392583935401616,0.019528261793455164,0.1898374415639609,0.05453144921376966,0.12209944751381216,0.040565235869103274,0.010529111772205694,0.05426583085422865,0.019087335316617084
img_hzumfsms,0.031599212122953795,0.03656593281865182,0.049903824060688835,0.07037242791609966,0.07775585103524099,0.07606590652889676,0.07455845538648763,0.07388154341756141,0.07102146263373121,0.06555954630715997,0.06388328609965276,0.060859590621128466,0.056927184529194284,0.04851578440784554,0.04188449806165542,0.036726701040248416,0.03261169207238617,0.031307100940416825,0.010771214909441253,0.02266390037263408,0.012020125298846414,0.04384949865168654,0.0880405360629247,0.012178150695056863,0.22535950777637878,0.00175357213859337,0.07662192678836321,0.14297220282304723,0.0967676160084824,0.024437862884932025,0.0012947887302404535,0.0,0.005398351438285985,0.15884610875205815,0.0,0.07702463666902855
img_i9jiqjwl,0.027141971870493307,0.02953507517121506,0.03835547877621837,0.04672057188819101,0.05693590944285884,0.06534171489002571,0.06911557156134385,0.07253324323756286,0.07528828123505382,0.07518960073493579,0.07370112888368585,0.07291930902522395,0.07146550240987007,0.06490004733484962,0.06079205785733784,0.042869587448187856,0.030095285725056396,0.027099662507889796,0.0,0.0015752885175165233,0.018395488738970126,0.08226316450349874,0.040221225300503406,0.015427553850895517,0.10294168007944933,0.13448169583233452,0.22753216214056596,0.2174525986552972,0.008213189046037236,0.03841192653219638,0.07204661940801114,0.0,0.013327169160873486,0.0,0.0037669942810177734,0.023943243952832666
img_iv6g2oq0,0.028704149274442897,0.03401731184872964,0.043253473272765144,0.06147475926433647,0.07494047709699635,0.0791715080742792,0.08095210673316784,0.0809168005892848,0.08019367100859606,0.07450253065605858,0.06616689163107208,0.058302755714309214,0.05546939790038526,0.05136519437269287,0.043141863363969295,0.03289752452070642,0.02817317754275074,0.026356407135457158,0.0,0.0,0.07647890138754068,0.008443727516701879,0.0032475875064237993,0.010813395763147377,0.026444641123736654,0.2446468337806201,0.04368897390509907,0.18506252498144235,0.06220379146919431,0.03997030777136984,0.1389753326100611,0.15035973276994233,0.004411008964769029,0.0,0.002619482670016559,0.0026337577799349053
img_kbdh4tri,0.0298623922968013,0.03442165058536009,0.04538485310245579,0.057656716631992816,0.06506936049174934,0.06926514197874731,0.0720459748167146,0.07209856080709937,0.07305931110084639,0.07205843083791015,0.07273798473947042,0.07149926503675494,0.06738874877750818,0.055908798461968064,0.04532504050177704,0.037092362945460366,0.0310803092963825,0.028045097591001333,0.01839073494769851,0.0,0.0392204388629254,0.06707922104481795,0.004378025041091325,0.09824803253978473,0.187573377366065,0.03695568196450619,0.09852828673791687,0.12865182581822865,0.0037114745158040646,0.08615165539337842,0.0,0.0,0.0032797315619248163,0.12406929095687873,0.0993539004567386,0.004408322792240746
img_mgxahqnk,0.02949825870722061,0.031871844946455986,0.04038544416164599,0.04888115762271682,0.059684576774863364,0.06814514583283471,0.07168788936497175,0.0742099780388863,0.0775895427842146,0.07554379570463648,0.07036497087344698,0.06921390947598384,0.06508301522108087,0.06069448745442235,0.05273960771760708,0.042170730954788876,0.03277878054882256,0.02945686381540082,0.0033752094473796027,0.0,0.005074839857936553,0.07226636094698276,0.0070630867533050595,0.023113370158658896,0.08789975387427545,0.032421251793831624,0.3569544547152718,0.09956467013540923,0.045737695718053764,0.043893757065091035,0.08487729790833219,0.0044094185179543504,0.04839136395340447,0.0,0.08495746915411319,0.0
img_pl8uabbv,0.03353426857487478,0.03734753846963847,0.04517193520685101,0.06118516663259938,0.06673572848083917,0.06734362999427884,0.06687825428239211,0.06541262152641383,0.06200940555314462,0.06288952021082037,0.06288210684770672,0.06388452828885383,0.0669086419561414,0.06287128919850124,0.05730888877229234,0.04621828492257175,0.03851106722595433,0.032907123856125806,0.0,0.0010947333157856954,0.003744825440884401,0.10404154004450719,0.06332104998683927,0.0461403172931971,0.010343136081931516,0.05888827738029719,0.12835299466392286,0.3331817855519131,0.028295566030963604,0.015421980809265153,0.036389413988657845,0.05567586322413917,0.0023928597066354,0.10426886171663756,0.006239381685051806,0.0022074130793711564
img_ptg8lmto,0.027721613190038852,0.031551601463643955,0.03979842136907716,0.0540485844137662,0.06377475452297125,0.06833443090258434,0.07588981671774633,0.07415612599479098,0.07244693671731332,0.07310830286321471,0.07173856950758307,0.07172228985360912,0.0693122072621311,0.06184612430925738,0.04939078259596183,0.03765711441440068,0.03033045416587477,0.027171869736034963,0.0,0.010071952139700335,0.0,0.02659803815888757,0.030754823757680284,0.009014228737738493,0.08400479680931336,0.10138649347849521,0.1027473860084079,0.11246227228629944,0.3169869030936725,0.01267246954834537,0.13197288994286946,0.01661366821170637,0.03251994179152743,0.006730354640508785,0.0054637813948474724,0.0
img_r17byphk,0.028558201590065502,0.030824569620977137,0.03896919795969627,0.05506023127826408,0.06447116445606063,0.06874770342359766,0.07113534117151671,0.06959939086062433,0.07183085392742157,0.0741473542133457,0.07620280970721621,0.07402740939389083,0.07028132737501754,0.06005066958509095,0.05001464389829571,0.03631268731297632,0.030523014214738624,0.0292434300112042,0.03329004163642614,0.0,0.018015394018106114,0.026051415256503303,0.014076167920852593,0.19087340998510258,0.1145574697276443,0.06604052866801635,0.03221093242675427,0.13502234615531533,0.131589250926315,0.08187860498873142,0.07284942129187516,0.01999216929600061,0.017537912066923872,0.01590014897436877,0.0016377630925551014,0.028477023568509112
img_rxax5ozo,0.029863544364934633,0.03408400605326378,0.04712730831669869,0.06464183384733416,0.07151954036699856,0.07022310948298371,0.06965093656048113,0.06538950860713728,0.06283700272423551,0.06895453674959787,0.07363203315181054,0.07145326532639741,0.06539624364158024,0.056404968984910465,0.04729173362474559,0.038328125919083966,0.032869271642966116,0.03033303063484035,0.00439235788423349,0.01139665241677509,0.04568443500973362,0.00862819522025376,0.14663040607299727,0.05394089392798098,0.08575369535231797,0.011465130156618373,0.20355497295129277,0.03311387848135938,0.1282685892607339,0.06960273128356632,0.09259168680238303,0.0018782465785586414,0.052884380227541744,0.028163916144116296,0.0147911918061493,0.007258640423388083
img_tuy3zymq,0.028032071201097263,0.03322843988530689,0.042674668197167274,0.05601375934298726,0.06383550822176319,0.07303339004733916,0.07126207111147044,0.07445962747522111,0.0749961322593645,0.07308361976609638,0.07126315519672811,0.06475571446270312,0.06291752287962013,0.05789642008195204,0.05086891079233999,0.041708446568179916,0.031666312514855965,0.028304229995807263,0.0,0.0,0.0,0.008857884897682647,0.26188474712369675,0.0023211171474097586,0.012897883392093145,0.03201887005507948,0.2546579175187885,0.05080109908033575,0.01933427850896453,0.2978808827773108,0.009209189114587908,0.0023462103057601347,0.002873166631118026,0.0,0.03250818664291181,0.012408566804260819
img_ufdvpb81,0.03521882004029014,0.03703628812885358,0.04741603572557408,0.06138647672324271,0.06247301767022547,0.062484837633729653,0.062185692792227215,0.0630730994763166,0.06523961033402526,0.06424639787996889,0.06206811600567881,0.06198810720680425,0.0627065452900396,0.06628024427937956,0.0672291046640529,0.04749440287728822,0.03626802416459471,0.03520517910770836,0.0020482809070958303,0.0,0.015654718361375275,0.0,0.0,0.0,0.10377382847798959,0.016704677481819356,0.09860148887645769,0.2544429622617152,0.06927148328241318,0.032772494513533285,0.04697276130642455,0.07096690907526142,0.10657945694737295,0.10579629071818925,0.01646370325745514,0.05995094453289729
img_uhdslk0o,0.027469048496821566,0.03411263781395919,0.05084180098187896,0.08585882251263954,0.07726711624984894,0.06496954604862465,0.06269773728042462,0.06518399906496829,0.06780894159833595,0.06855942959052334,0.06939632669044647,0.06895972238522904,0.06445755369209535,0.055102396188202056,0.04374836591061061,0.03684071663320086,0.029342811532465148,0.027383027329725418,0.001644384070923,0.0,0.05792113084598964,0.12808832691580957,0.269127455085845,0.016525549234493255,0.007588679283824776,0.009907158688169626,0.13471693102779111,0.08535476820312739,0.2025758612589241,0.006475400627112931,0.05275306662308878,0.020815246810814123,0.0,0.004412260364215752,0.0,0.0020937809598709006
img_utfgcjfa,0.032952261212672355,0.03873937936196042,0.04859478610967952,0.0666421820326172,0.07294654958338025,0.07118112443126766,0.07006938022620819,0.06638724385642453,0.06476948711157249,0.06604364625524,0.06455230014641711,0.06361163800850052,0.06210061855038161,0.055644602560583234,0.04717928716829582,0.040515482056220214,0.03711884969651415,0.03095118163206474,0.005499481552455079,0.02388358774451255,0.006094493080803441,0.041519554441367304,0.067581934399979,0.08585228838808752,0.04575901158084938,0.24783980189616173,0.05839425638871753,0.05203288313711078,0.027449281829835453,0.11626350260536297,0.005648234434542169,0.0,0.006238870878123264,0.01994163636920465,0.015089667362305145,0.17491151391058202
img_vc2whyaq,0.027949658012325795,0.031194538437835706,0.03813155318506652,0.04854703945294823,0.05688895889172351,0.0700770140766449,0.07682750593805691,0.07553441781449799,0.07609675722958716,0.07878523378298179,0.07686012152811394,0.07208785178495083,0.06749786739885329,0.06079120862963459,0.04832197255484664,0.038211789954088755,0.029021621044197175,0.02717489028364624,0.0,0.0057109859662320735,0.022112852897080405,0.006961257476464699,0.001107231973044994,0.07886246483611377,0.010542543666792047,0.24517506450023574,0.04373301405495897,0.14795056129773945,0.08676142594525295,0.03881139442357715,0.19958253646183757,0.040013986088080565,0.0042752928337191866,0.0009377036326744685,0.013472205298820188,0.05398947864737576
img_x77cy643,0.0322469490500027,0.03596493576593753,0.04500021517336847,0.05582065854481257,0.06349346814437491,0.06723056692022167,0.06674708677593177,0.06240830242906399,0.061535969142367204,0.061948690751107954,0.06492889582490041,0.06760160995464812,0.07111050523534895,0.0665253894650107,0.05936508566781575,0.048457512272646545,0.03751342164646595,0.03210073723597479,0.05524067571677403,0.024551411429677348,0.011469306127715262,0.021173749159040432,0.12583980757001853,0.15040504299261798,0.07965845521487093,0.02723326605656778,0.004764669560489185,0.16202641304247653,0.0768890486328071,0.0,0.06717078160855981,0.12460947219995024,0.04058263522169077,0.001244159362990406,0.021063157215663507,0.00607794888809017
img_x7u69zsw,0.033001357381403314,0.034132134799723914,0.04060879170686146,0.054745375604052,0.06812335883139928,0.07650897070449668,0.07934169864051671,0.07850019816341786,0.07411636624577665,0.0707989381299367,0.0661436347127578,0.06276845158066728,0.058297921123348674,0.054034583264309655,0.04810205216859851,0.03750477459665448,0.031626909219182604,0.03164448312689642,0.0012999027066685806,0.09736510518844602,0.23825701389221174,0.001252053527282007,0.015654656522640635,0.11615388296090721,0.0014833245609837792,0.15948928975868065,0.05291321753831922,0.1798251909979744,0.003987431615547794,0.02134073400641179,0.009282740800995263,0.0,0.029794089031373112,0.04358262755793738,0.026372872705233107,0.0019458666283873232
img_xgj4xftb,0.02800324445901731,0.030256145419942003,0.03946638932134262,0.0532114065434306,0.06441672399555622,0.06695328916247738,0.06550713894509559,0.06908939320021971,0.07256044610491429,0.07396941038652317,0.07385096824816904,0.07387571217406333,0.07361982825534612,0.06412099627668179,0.05115090599768998,0.03916034932840236,0.03147550849559442,0.029312143685534073,0.002232933307102105,0.0,0.002498524493409404,0.231821758803856,0.010692504426519771,0.019909502262443438,0.055016722408026755,0.03683848121188275,0.10585284280936455,0.23067086366319103,0.0314774739327169,0.01385992524099941,0.12559512099154044,0.029667519181585677,0.025673814676372222,0.0033444816053511705,0.013505803659256344,0.06134172732638206
img_3e122cbj,0.03897605236346792,0.04711005126994375,0.04837846983319456,0.05490240682283807,0.06357287355071801,0.06935565786897081,0.07011220269342239,0.07329975585774452,0.07346819843386815,0.07468065839071447,0.06687464488102712,0.06101693102180693,0.05697610160134479,0.04923236885165078,0.039727141353010455,0.038316581948933504,0.03717124684784169,0.036828656409502065,0.13290404919364196,0.026743241675368373,0.06271029121707855,0.015858199116117667,0.02308325159003892,0.08269257138035419,0.0983345462983472,0.0488561212543113,0.09541288274319948,0.07820987458996509,0.11850668185509815,0.0333670854032845,0.06572688246896392,0.005231570842430571,0.03682139881234904,0.0069877332320771235,0.045902815133584365,0.02265080319378962
img_fn0mhxef,0.03537237539784125,0.034953047552723666,0.04387922840035499,0.051191680471008125,0.05695403347661508,0.058483826249396464,0.05754589033833042,0.05720101117363087,0.05818996484939252,0.05890885050468821,0.06488271753850526,0.07275002199497285,0.07744617075318053,0.0756421793824265,0.06757414677301529,0.05120506533800748,0.04103475779438713,0.03678503201152336,0.0011708653816211504,0.022968891103291502,0.03143275309064865,0.005511786503908074,0.015918786784168405,0.002129978513374646,0.13841123532525768,0.05982001058761249,0.11812661538940616,0.1842742814436521,0.1411889266029334,0.02729735621088033,0.015246161990471149,0.04427490424438701,0.016535359511724225,0.13348488151216018,0.005412138386323296,0.036795067418179554
img_xrv9xvzb,0.029283347348589003,0.03261544663658214,0.03942973711497974,0.051090861882103496,0.06170223199505591,0.07127455081348295,0.07289095346270914,0.06415424680532582,0.05862878945249914,0.060061358701496245,0.06288384723710272,0.06429415949764888,0.07042532566312908,0.06649971214676983,0.07309205419685622,0.05508566904088848,0.036096474142268034,0.030491233862513168,0.010843106882053552,0.0,0.0,0.0,0.21486203550819616,0.17751544759732413,0.011881457776567314,0.0391254021481948,0.0019405246225339167,0.2783971947503702,0.020307419953359322,0.0423936541440414,0.004774711900182137,0.07600388104924506,0.07417400037448721,0.017507276967334503,0.03027388632611027,0.0
