image_id,batch,tex_valid_frac_of_solid,tex_all_n_orientations,tex_all_w_sum,tex_all_s_x_2d,tex_all_s_dir_2d,tex_all_theta_dir_deg,tex_all_null_s,tex_all_null_med,tex_all_null_p95,tex_quadrant_sdir_spread,tex_si_valid_frac,tex_si_n_orientations,tex_si_w_sum,tex_si_s_x_2d,tex_si_s_dir_2d,tex_si_theta_dir_deg,tex_si_null_s,tex_si_null_med,tex_si_null_p95,obj_si_n_eligible,obj_si_eq_n_orientations,obj_si_eq_w_sum,obj_si_eq_s_x_2d,obj_si_eq_s_dir_2d,obj_si_eq_theta_dir_deg,obj_si_eq_null_s,obj_si_eq_null_med,obj_si_eq_null_p95,obj_si_aw_n_orientations,obj_si_aw_w_sum,obj_si_aw_s_x_2d,obj_si_aw_s_dir_2d,obj_si_aw_theta_dir_deg,obj_si_aw_null_s,obj_si_aw_null_med,obj_si_aw_null_p95,obj_si_eq_sdir_boot_lo,obj_si_eq_sdir_boot_hi,obj_pore_n_eligible,obj_pore_eq_n_orientations,obj_pore_eq_w_sum,obj_pore_eq_s_x_2d,obj_pore_eq_s_dir_2d,obj_pore_eq_theta_dir_deg,obj_pore_eq_null_s,obj_pore_eq_null_med,obj_pore_eq_null_p95,obj_pore_aw_n_orientations,obj_pore_aw_w_sum,obj_pore_aw_s_x_2d,obj_pore_aw_s_dir_2d,obj_pore_aw_theta_dir_deg,obj_pore_aw_null_s,obj_pore_aw_null_med,obj_pore_aw_null_p95,group_id
img_0grcilhi,Batch_3,0.3344186188139588,3788978,1850681.5041962827,0.18062472323288742,0.24824067023378069,-21.656405993736627,0.0005377940515139633,0.0004364858817436961,0.0010092639640743688,0.07883610836122051,0.4318790742214339,381544,200296.87788823794,0.08608457909094781,0.18863371734179404,-31.42381530573317,0.0016902253664669595,0.0014145281880119085,0.003012386101005434,95,95,95.0,0.32853251782964416,0.4213008576908789,-19.378637302398886,0.10259783520851541,0.08200701784363632,0.18334287461461146,95,325810.0,0.3237363981174607,0.32376024397995995,-0.34770029452579365,0.27544650093146333,0.24786358573767342,0.48540434438748437,0.3165381765281837,0.5304779029831727,537,537,537.0,0.2880965533673405,0.2930572043050296,-5.278557966979918,0.04315318520021031,0.03380287055369323,0.07201012283970226,537,1475244.0,0.7340329468400556,0.7467537184228575,-5.295343141570925,0.23687018287363096,0.20153555828558517,0.39002162334461343,1904
img_3806gxp0,Batch_2,0.3187738962332776,4015400,1974586.2397474763,0.08351739699582049,0.15665563292879692,28.891500269810212,0.0005229816995337009,0.0004408703537996943,0.0009180624882165027,0.030984632473220117,0.40841009305739595,380026,205039.85620690722,0.06156092601835746,0.09524994334610752,24.86804258209121,0.0016943327246191388,0.001464279186062025,0.002999728781495953,76,76,76.0,0.14134675177208408,0.16701030546150583,16.092345935269204,0.11470786693528087,0.09630887844058766,0.1870897017714272,76,136496.0,0.5619045803370801,0.5917384253024865,-9.135643197046477,0.31659777496652663,0.2760138823289887,0.507943636753855,0.048854240942746985,0.35218934144967684,698,698,698.0,0.1395168939794871,0.15381182714528985,12.448762709403018,0.03785055820522323,0.02959862382179567,0.0685894303046951,698,948985.0,0.4894194018371205,0.5192705950027247,9.761002270928739,0.14660297770000877,0.12566126601040745,0.2454399442837713,2048
img_4ih2ggld,Batch_1,0.3661148063422643,5217594,2590537.31582926,0.11314385196241704,0.11830320100513887,-8.491764830080825,0.00045857667765072116,0.0003910595032692003,0.000668629544906648,0.04222227668941766,0.5021074068517951,244334,130469.76771403934,0.09681789517538433,0.10474584629586468,-11.21754333750124,0.002112925844367353,0.0017049971122559495,0.0036915971293571283,144,144,144.0,0.2881766876264395,0.28823223132002845,-0.562419947282649,0.08333333333333333,0.06556375556273644,0.13192533369077972,144,98013.0,0.4999790577586438,0.5044684918463636,3.8248025111155064,0.24895792423344668,0.2368998171054607,0.3791301240609205,0.17832833997448644,0.3976668661034254,961,961,961.0,0.11906397839915907,0.12163580072679442,-5.901543377957978,0.03225806451612903,0.02724814894784744,0.057592754478592134,961,1199493.0,0.6632600548252404,0.666114019328752,2.6528507322317,0.165815153475951,0.145689702247368,0.27795629322404763,2316
img_5n1q8atc,Batch_1,0.34216828996769644,5055479,2501226.745648561,0.07310112448451846,0.10822724665501861,-23.755795407963603,0.00046601948240307503,0.0003833048365398052,0.0007800661947042556,0.043008131596905884,0.46668117113196994,195195,105082.18344808501,0.08983525893649409,0.12397608039671434,-21.78147397154686,0.002362055952414235,0.0018492736921521178,0.0042944399851487505,109,109,109.0,0.2041083972047656,0.24889942566965112,-17.455417495041758,0.09578262852211514,0.07495479334806608,0.1505335747434679,109,110729.0,0.11923376938536472,0.2579972339197339,-31.23699129789594,0.22636910878869995,0.21544973341295354,0.34997011131902434,0.13535310519021188,0.3825497665474704,1153,1153,1153.0,0.03917632224136884,0.05931484128806026,-24.33171876380169,0.02945000320268802,0.02670985043885947,0.05197339296647311,1153,611084.0,0.4218045462244445,0.4273340794913859,-4.613574335969929,0.1495534542073604,0.12303677199649034,0.2502876542836956,2316
img_71vgq3fw,Batch_3,0.3833087329736543,5142910,2699685.260058298,0.15106132498911873,0.19251190695472714,-19.15419436870252,0.00046223922480653,0.0003656082697208534,0.0007356907380816571,0.02662694043143385,0.4223752116472034,290867,161332.25188421377,-0.030411156036199562,0.09402224063315683,-54.43573882438062,0.001939645031767426,0.001472330394139909,0.003545951882719437,32,32,32.0,0.035258801202031474,0.06043186915607408,-27.15331843215634,0.17677669529663687,0.14650052354154022,0.2792834062515461,32,174824.0,-0.26178753472542926,0.3439417114808497,-69.78236721727197,0.2910126075844304,0.2641172943249456,0.4716655520810514,0.031823455378875536,0.320338401563387,621,621,621.0,0.23863989135449845,0.25263495031744915,-9.580183424676306,0.040128617695256406,0.03448674909207164,0.0690864065377853,621,557190.0,0.4883228883588874,0.48973268481197996,-2.1742552896548943,0.1477629206871583,0.12208786637229532,0.2374320518631508,2060
img_9luzk4jm,Batch_3,0.35961979340427697,4556404,2395401.486333311,0.140709501248223,0.1548262191510706,-12.32845552163161,0.0004927644204778448,0.000391328753240272,0.000814492131668369,0.04152579701491073,0.4069746730937047,363301,205534.94311151194,0.04480559500682703,0.148311702351537,-36.20798352994538,0.0017425432531263966,0.0016805112746059046,0.0030756441685732302,40,40,40.0,0.2018273018763505,0.2018869973350063,-0.6966823509680751,0.15811388300841897,0.137462285113698,0.27292991221605584,40,180228.0,0.06901121383351623,0.47058050539654295,-40.78354477277642,0.31152699284389823,0.2830549624607499,0.5128036529967684,0.0658592273547005,0.4015038047058885,665,665,665.0,0.22292026826308062,0.23764714023775718,-10.138303051073365,0.038778336716474064,0.03380180925577567,0.06841597670710345,665,1094271.0,0.628386754204378,0.6784205788428386,-11.071231643055455,0.1643159432614942,0.13664649688933922,0.27023856009348474,2088
img_avn74qx1,Batch_2,0.28844981149018434,3664499,1758515.091668575,0.153890124343438,0.16239983578817302,9.315092133429786,0.0005474152053465412,0.00041572811323507526,0.0008829608267655388,0.027880815179309338,0.4284364520127438,316962,172859.07088413255,0.10474100047600036,0.10475929505847624,-0.5354006850307655,0.001853405321804567,0.0015080740153949421,0.0030857214937528568,64,64,64.0,0.3897573371256551,0.4079960730226586,-8.598214965853202,0.125,0.10253617840544176,0.2330425240219179,64,126980.0,0.3036983752972369,0.3464292040405551,-14.379362350352949,0.23031012525675637,0.21096323678520407,0.41442895634640303,0.2648791748790318,0.5613614164768408,649,649,649.0,0.22480443528529329,0.23066352362072096,6.47078248344094,0.03925343359894298,0.03141319385542003,0.060087176157910815,649,1066222.0,0.6555660507222555,0.6748282846111208,-6.8612431329916035,0.1739261345161242,0.15937720527713745,0.3182551899353487,2048
img_b3esycq1,Batch_2,0.3407819576302412,4584585,2312705.3951351847,0.19099403877631882,0.19099945204835891,0.21568628294581352,0.0004898972701645069,0.00043844711817101823,0.0008952521281385827,0.017372912752610277,0.37101599911556116,426205,223365.0586833075,0.11721700074649401,0.11739661060425971,1.5848943813148066,0.001602680940301624,0.001363127953747159,0.002726227867897437,65,65,65.0,0.03273097847559533,0.25289762467394117,-41.28185061337035,0.12403473458920847,0.10635946343583336,0.22725202918277582,65,253867.0,0.5501963650250579,0.55149082660979,-1.963215870285552,0.307496156124349,0.2843329098359505,0.49508975798260746,0.10917021013868786,0.4349671902030481,837,837,837.0,0.20867178345211046,0.22575490888561894,-11.216313326004553,0.03456505649101418,0.029944125410240597,0.065239254457697,837,905743.0,0.6346685836930748,0.6348904912951931,0.7574552217770171,0.14208145731532182,0.12210057997899332,0.25731282982344666,2156
img_cfe5vt7s,Batch_3,0.34237102773087097,4433510,2258263.816411566,0.20116348577010046,0.2021858431623064,-2.8821514962416472,0.0004985577096574673,0.00042003592107404513,0.0008654501506661151,0.03966455715431025,0.4173624490463248,413544,229468.8169581078,0.15974378915189294,0.16065487734917164,3.0524344382651885,0.0016259246429692553,0.0012595786581180483,0.0026505498961954185,71,71,71.0,0.38633672178866596,0.38986518266242776,-3.8571910800264675,0.11867816581938533,0.10820433085958862,0.1921744844369043,71,202884.0,0.10123639883967359,0.1897825534220234,-28.88112641468973,0.2526868916040295,0.23541691317394015,0.405494546785478,0.2244834321094032,0.5280702976551718,851,851,851.0,0.23324188638700663,0.23545131287508664,-3.927688626380501,0.03427955850955305,0.026941630679232262,0.060189295452224595,851,876237.0,0.5360583793820045,0.5372419041300766,1.9019151011120619,0.13568778890532032,0.11059745360244874,0.2271529252088987,2080
img_epqdaau9,Batch_2,0.33276609944256297,4533413,2250624.311097047,0.19055029990147015,0.20732913491015512,-11.604641273077732,0.0004933038734163616,0.0003904347862958527,0.0008957176264506173,0.05496678478736947,0.4342698360274622,470732,262735.56821164035,0.21468165456679364,0.22039422056828023,-6.53680765982412,0.0015343811877420433,0.0011901503617259297,0.0027130006217692872,104,104,104.0,0.32277199250071037,0.32439973544896167,2.8710586499178397,0.09805806756909202,0.08382826809142375,0.16489788605750963,104,225704.0,0.36811854010074757,0.395091474563467,-10.646949671866622,0.30711018918121874,0.2589974437057158,0.47949263478715715,0.21436354360249626,0.44689499697469437,984,984,984.0,0.12877625205682416,0.1503150649207085,-15.525479393230796,0.03187883565316691,0.02521270074155419,0.052445029483375816,984,839948.0,0.5036227735279238,0.5046652398298729,1.8416696785906639,0.1374960819620858,0.10756102805572296,0.24481456780494806,2148
img_f1vzngrs,Batch_1,0.3188083975771757,4429587,2187119.7075620126,0.16404279476444825,0.3161495728975169,-29.37151790823009,0.000498353012703158,0.00040982547412062324,0.0008682650700531614,0.04419419327777766,0.4260100988085435,537511,289568.5926129902,0.10137787637366903,0.24699859964151574,-32.883790154958604,0.0014261894422231663,0.00107838430002771,0.002458660080665868,79,79,79.0,0.4051213496975205,0.42855295931739107,-9.517116402905742,0.1125087900926024,0.09711630758101636,0.21020607414315282,79,281058.0,0.42154317492823745,0.4236813584688313,2.8793420667455822,0.25454646563437444,0.22907036968841876,0.41857265005616057,0.29472980690186606,0.5671987276550815,969,969,969.0,0.17097736056628113,0.263256160953767,-24.749118344368128,0.03212462831016178,0.026686151686834213,0.05198552069065255,969,679022.0,0.52145255449464,0.5540172520620621,-9.871203566213666,0.1079800707466464,0.083931956404761,0.18212942375111166,2148
img_ffwubibz,Batch_1,0.3000887473557696,3955203,1956861.9524494028,0.22474017419410824,0.23533678523472645,-8.629575682240556,0.0005286490779904067,0.0004284608420916054,0.0008657125489427702,0.032737028776886896,0.4099702758059371,275022,154811.12454922317,0.10478781295198998,0.11534713369208555,-12.353566411594642,0.00199472065790746,0.0016914870811697569,0.0032604908589938656,36,36,36.0,0.3470902674642466,0.3474942604365072,1.3815379090068816,0.16666666666666666,0.14315044445666666,0.2800992062848657,36,158207.0,0.42092470805113247,0.4250436696406113,3.991499429243564,0.3138453806636278,0.27921605637886404,0.5186035162246592,0.18596868461632288,0.5449067075939203,785,785,785.0,0.28516203867951007,0.28551195472757057,1.4184753113065178,0.03569153051241249,0.029216465994637494,0.0631032734341693,785,834374.0,0.5844713416897581,0.5849790800829788,-1.1936826641525613,0.14444402995096803,0.12506315071309584,0.26480779131834076,2080
img_fzrt2k6r,Batch_1,0.35294787413496365,4764443,2426198.347384383,0.17490837317850855,0.17537312908220165,-2.086097120431617,0.00048119293964775427,0.0004095779197177021,0.0008428192414799042,0.03196233005951976,0.4009204584925321,360126,194144.353415651,0.08838010377207983,0.1198150155902786,21.234703556601875,0.0017426353544964098,0.0014472590905555325,0.002776225835238955,50,50,50.0,0.07533207571269492,0.1642281792309878,31.34825394725091,0.1414213562373095,0.11540383121481723,0.22638343827886137,50,236559.0,0.13364806515636074,0.2524808733358074,29.019585379716965,0.27389872979286617,0.22978402110720425,0.4589795214693108,0.05158181811060136,0.3358386040205216,822,822,822.0,0.2568089868412171,0.25740823782427513,-1.955172504609692,0.03487900532075779,0.029961301805013003,0.05907972452603031,822,940483.0,0.6334568005103324,0.6372739935042889,-3.1371379401740285,0.15915357130162036,0.13391953220407915,0.24835366708128925,2156
img_hawkfj64,Batch_3,0.30674957143612575,3666131,1781252.1401206097,0.21196304888390954,0.22586907503960896,-10.104958389821746,0.0005468552977030016,0.00047920367597285797,0.0009271822046448416,0.010153462530827531,0.4534293652897189,304515,167885.83642201446,0.11516881797736958,0.11559567520985341,2.4627021901238075,0.0018885109910227185,0.0015035322189340993,0.003316591791259604,64,64,64.0,0.2660096629564188,0.3235435372754124,17.348402292838927,0.125,0.11876283933377005,0.22326351852621074,64,188240.0,0.38350846980085235,0.4578401483321043,16.553756859713545,0.2572105815780873,0.24225744682306954,0.4191599682043869,0.14254531140052423,0.46843476381507776,637,637,637.0,0.2903360905896953,0.29854377135455995,-6.733081809702242,0.03962144258751637,0.034673061897910924,0.06949972095383722,637,917227.0,0.6041868827907909,0.6150748073144752,-5.398324092496807,0.1628477303091814,0.1442091132227788,0.2630821576432286,1904
img_hzumfsms,Batch_3,0.363112479285159,4516153,2361813.6475133835,0.17155544761931493,0.20021928474373307,-15.51831909039322,0.0004950084682458085,0.00043922520897203316,0.0008557487875899117,0.03450082518468949,0.41653728061354467,310666,179371.7979606067,0.07071503089966145,0.0941291223576986,-20.650370121539993,0.001882078135943796,0.0015487703244640213,0.0031516483200170523,42,42,42.0,0.27446906585846914,0.3159935687749728,-14.852361449482885,0.1543033499620919,0.12875575054258515,0.24689073273358758,42,196171.0,0.24919089485562648,0.2713854405458485,-11.666556815273765,0.2620959675102547,0.22739162366192872,0.4200520935407191,0.1398695728113596,0.5000696237404277,676,676,676.0,0.29237104106735146,0.2972167107368203,-5.180119037098137,0.038461538461538464,0.0322833707492718,0.05824153546724134,676,1431848.0,0.7306215928533824,0.7331072568367448,-2.3597601940044797,0.28148947601121804,0.2546405613602348,0.46100747925790125,2088
img_i9jiqjwl,Batch_2,0.33063944556823,4756546,2393920.9284689543,0.21987146992510934,0.22252406698156932,4.427791323589634,0.0004815922520932326,0.0003907526954920226,0.0008679414622824999,0.05117748253795159,0.41665591192997337,406787,221975.9551651312,0.18634084742886167,0.18642399803645468,0.8556685758494925,0.0016399832165084815,0.0013051829252134035,0.0027987985204354355,68,68,68.0,0.3804493825144947,0.38279143666096677,3.170638091773269,0.12126781251816648,0.1047757084467521,0.20059350092457,68,175206.0,0.591424080417835,0.6166945252007173,-8.229497466299875,0.2552208429327109,0.20271006224128552,0.40283635668508533,0.21558946087407893,0.5559994743810202,814,814,814.0,0.1892569672679556,0.18929544604541435,-0.5776377147304572,0.03504998186163908,0.027045330828674087,0.05760557206186679,814,786152.0,0.3674037950282621,0.36740471478126596,0.06410190999380716,0.12319042779617258,0.10354791456462699,0.22106075151600788,2272
img_iv6g2oq0,Batch_1,0.3350632381870461,3673244,1870511.203038525,0.2235812970607049,0.24512956349929194,-12.101798524047723,0.0005487276327041035,0.00043526489935849695,0.0009257328511774797,0.014619291565598705,0.41582937263583775,322316,178968.17841967128,0.13267930385886353,0.1394754094065524,-8.979833775759772,0.0018430838535204858,0.0014182881625865473,0.003255392440896558,70,70,70.0,0.5083667429864027,0.5085575440969039,-0.7847685898769328,0.11952286093343936,0.09622036854316796,0.21490256976724376,70,140104.0,0.5317312247361424,0.5509293157243838,7.585042123612663,0.3280516585306825,0.2870525149106721,0.5581566439672879,0.38006107119554294,0.6460655211364107,609,609,609.0,0.28766524389433096,0.30224330660270377,-8.933886811620681,0.04052204492365539,0.031694528719930365,0.06532267047343912,609,849678.0,0.6625387022078699,0.6864820228869953,-7.588495462859896,0.14738521576095895,0.12924642518479873,0.25303571107051587,1780
img_kbdh4tri,Batch_3,0.39871200428218606,5372043,2845258.527050862,0.2063750240952996,0.20872623405748858,-4.30401072801908,0.0004521124347109525,0.0003686243009816464,0.0007717816195382416,0.031777366943145265,0.4155896662596329,304264,170620.43204580323,0.09818015035314508,0.11708535313481297,-16.50713676909018,0.001896172001429737,0.0015463029619595565,0.00335378353533956,43,43,43.0,0.30720443640203726,0.36159183066910244,-15.916503383126212,0.15249857033260467,0.11537312071281727,0.259010773302853,43,132023.0,0.22948735497566508,0.27010313045566753,-15.914349497118593,0.2801838902394023,0.24112046832186404,0.4841305980313529,0.14369165891653563,0.5647614582859021,634,634,634.0,0.24575105920887477,0.24680765221876252,-2.6517785204145525,0.03971507353947688,0.032965080162031535,0.07040334080391429,634,543877.0,0.5493024688117208,0.5493398567394971,0.33423755087212675,0.10838635402722166,0.08911623625977785,0.18825065866424162,2060
img_mgxahqnk,Batch_3,0.31625373812492946,3759935,1831567.266986607,0.2112348065574182,0.21123553081837138,-0.07501909304951937,0.0005399415079822266,0.00045429070405548025,0.0009407476264102646,0.033591819622721376,0.3658980364279533,345890,184959.86504254548,0.07661263909857703,0.0809466487720856,-9.416948080660944,0.001778382756593853,0.0013902936465340797,0.0027375906513940544,44,44,44.0,0.3412267887361013,0.35526801381830253,-8.081145786423633,0.15075567228888181,0.13264126479450672,0.2656202086471824,44,124733.0,0.5217786226052141,0.5217826919547893,0.11314245083036652,0.36460481981314685,0.34528854333138953,0.556844319726572,0.18627302244343397,0.5458715000552627,593,593,593.0,0.3323658205378528,0.3323880800655832,-0.3315471589362744,0.04106507811765909,0.03455197377147969,0.06840477549046345,593,701478.0,0.5163672562938404,0.5166350971463892,0.9225137655140198,0.12952463441540407,0.11303320921343135,0.2286981618739176,1904
img_pl8uabbv,Batch_3,0.3275109375123254,4608579,2312215.2497409997,0.13446748793810664,0.13484240870087189,-2.1368045921491614,0.0004889130424517089,0.00039247118251235216,0.0008109743624474638,0.0759724116833106,0.43122436295835925,433650,232889.49438724056,0.08271189049864378,0.0832004778846492,3.1061942272212004,0.0015867001313334395,0.0013918389022939163,0.002843053569112664,67,67,67.0,0.3055899275531633,0.3069722243203422,-2.719705277448867,0.12216944435630522,0.104537154242444,0.2054557564848647,67,167164.0,0.4653557276549377,0.4657857108569345,-1.2310443909293838,0.24667825450225803,0.21876739450229915,0.4170447378424368,0.1539009637061258,0.4571156883218185,832,832,832.0,0.19294404501965043,0.1935024156097608,2.1768584775815203,0.03466876226407682,0.030103590633476406,0.0580961366804501,832,1217649.0,0.5785044196826792,0.5797171487117123,-1.8533489064703588,0.1460197940215978,0.13066545857873912,0.2533262584403202,2272
img_ptg8lmto,Batch_3,0.3437282472640041,3531166,1818249.4465772894,0.21984457619886869,0.2201663509073586,-1.5490342595952313,0.0005585006752025897,0.0004575100712407215,0.0009446140359097627,0.041412789789068136,0.4317313548107435,282857,155701.9001412485,0.17052583322010334,0.17887769797903322,-8.788721377572273,0.0019677734521516975,0.0016774633919170215,0.003267155532469945,68,68,68.0,0.3786800842474505,0.4005740512032754,-9.515391606553692,0.12126781251816648,0.10007418675788574,0.2157689313089686,68,148432.0,0.6188245713484704,0.6459750857867925,8.335310208550771,0.2865057214174887,0.27000605705094494,0.47178560164041067,0.21974163533149288,0.5784726996385804,618,618,618.0,0.2843080293424664,0.2856273781169142,2.754576514556601,0.040225899335456484,0.031306867194055454,0.06995225294380458,618,609770.0,0.6108897277714945,0.6128498650734988,2.2918682895096314,0.12988003390547087,0.11049942160696535,0.22204396839689114,1612
img_r17byphk,Batch_2,0.3359993149970165,4269380,2144472.118452385,0.2175377588377676,0.21757420401845198,-0.5243605969378677,0.0005078756076536577,0.0004276858279270734,0.000890322760798314,0.05328444511300984,0.4415200743841427,364213,197100.80114576174,0.16500921117364747,0.16614945995712332,-3.358200810307153,0.001731806517530276,0.0015208056373169794,0.00298873023663349,93,93,93.0,0.16419749437863676,0.16867468809452446,-6.615321646791841,0.10369516947304253,0.09069352051749935,0.18507737262885363,93,209432.0,0.4591277493249722,0.4720263345769784,-6.712580576632348,0.21673173263911089,0.1846712827644683,0.3850362506874505,0.05799733584497773,0.31760981150250317,771,771,771.0,0.2906257421747522,0.29147905478890473,2.1926234208094493,0.03601412030328099,0.028137513361714515,0.0628560170060952,771,1216554.0,0.730271333639112,0.7303707193605443,0.4726099707019058,0.17398619823085115,0.1560158064814952,0.2974347248310904,2080
img_rxax5ozo,Batch_2,0.3571326464596516,4656854,2387119.0910000945,0.17773701524701674,0.1815380766902072,-5.87268781916157,0.00048630650880793224,0.0004050951675388655,0.0008386877199849772,0.011943893497681247,0.4226448497304022,370993,205810.9750050645,0.053133443838326466,0.08327523069100581,-25.176858614510223,0.0017187398468517618,0.0013142853099491925,0.0029362626941510086,66,66,66.0,0.27970597942440883,0.2797596495143848,0.5611619322354453,0.12309149097933272,0.10330361110524697,0.2002212284345701,66,102223.0,0.3860911605621467,0.38811556354600146,-2.927281871125871,0.2252127408631152,0.18890866888017557,0.3611355172958018,0.13845631113130186,0.43750903647306383,672,672,672.0,0.15534992210450382,0.15535070984913205,-0.09123131236364657,0.03857583749052298,0.030248078201639397,0.06327460875042963,672,911914.0,0.5622150178431493,0.5626065272335525,-1.0688125165266626,0.15279319889065562,0.13864174863244555,0.2612379439958194,2068
img_tuy3zymq,Batch_3,0.3999179920722676,5342778,2822299.9271806665,0.20464427757274564,0.206658017653344,-4.002547569981374,0.0004533754843185014,0.0003786212301968251,0.0007937420604065293,0.04021176844526097,0.4489575372564005,225585,123010.48492437173,0.12279325394685475,0.1244492802909101,4.678728347160188,0.002200006240168132,0.0018907983864748256,0.0042198035801838335,36,36,36.0,0.3530530369150967,0.3705813726291926,8.846328287300516,0.16666666666666666,0.14014702044496627,0.27529438323889344,36,79703.0,0.5093943898434286,0.511559417509327,-2.636602171946805,0.32856486370061866,0.31022825365469003,0.47578629385669896,0.17571658741756407,0.5962404583750711,623,623,623.0,0.25026679016501197,0.2626481592858175,-8.831323642699857,0.0400641540107502,0.036693499540063894,0.07581386477141432,623,710286.0,0.4864108879366652,0.5392581494746539,-12.788887204698057,0.11297414854223504,0.09061028625324816,0.18551682553352083,2060
img_ufdvpb81,Batch_3,0.3452618247885241,4422467,2316316.0164604913,0.12119019393440499,0.12147992088968383,1.9789562295106695,0.0005005183551320832,0.00040185933373713533,0.0008022514946039106,0.042359928272827495,0.4558239272679205,310350,175298.61249830053,0.12378144537424803,0.13539619575343548,11.952643420881289,0.001881460088535408,0.0017199499588990076,0.0032868390006930257,40,40,40.0,0.37942711385883465,0.4366598137867237,14.832692142715281,0.15811388300841897,0.12566793414192395,0.27702397513903304,40,116195.0,0.3387258097484312,0.4488104718845622,20.499586796786595,0.22797683502330532,0.18780541228414294,0.3534221523319109,0.2647608299452404,0.6139446563365459,719,719,719.0,0.1586067372702218,0.16235753662461094,-6.1698269160249595,0.03729370703141007,0.029366847152538716,0.06406315639972365,719,1282712.0,0.5611010173283235,0.5731660204958337,-5.888381097338225,0.19110440244795104,0.16830821634757243,0.3129755263736686,2088
img_uhdslk0o,Batch_1,0.33408534686369645,3939056,2015944.5926368623,0.171034617038464,0.184283303867223,-10.92918915930764,0.000529703982420616,0.0004772642977831968,0.0008624436875924808,0.06463449904064783,0.3789569853785407,308604,169773.08427495835,0.07015373404178235,0.1434156727549354,-30.35718721493717,0.001885460222120687,0.0015669553684937547,0.0032378192572048263,74,74,74.0,0.1573493953570824,0.4171557716369861,-33.91995478619938,0.11624763874381928,0.09203768608953766,0.19943950453588774,74,97909.0,0.34800110779274446,0.46322625429358627,-20.65039006047445,0.30420061202678156,0.2759091856259597,0.47658771511015086,0.30061649217762315,0.5458870502341627,723,723,723.0,0.21878985932301143,0.21968411111640476,2.5857447511057456,0.037190400165280094,0.030784401035986286,0.06618992241716891,723,851113.0,0.475265179106712,0.47803059857130575,-3.0829741511863062,0.17085396383918655,0.1541769798273599,0.29985567886411363,1880
img_utfgcjfa,Batch_3,0.3552142361005545,4556571,2322255.1090183593,0.14965964135843185,0.16022788351959294,-10.463005418627205,0.0004916910457041873,0.0004173583451575802,0.000826517942719359,0.05232808555547973,0.4200750180114304,390072,218748.3999351203,0.09659906184558341,0.10467183536974461,-11.324933461051188,0.0016762048896114584,0.001450202718318866,0.003047834050602047,83,83,83.0,0.17902933237518825,0.19568512725735762,-11.905319642428879,0.10976425998969035,0.08421973876559848,0.1844031243202547,83,228567.0,0.2389643501506108,0.30409437555917707,-19.101570713554196,0.2728089252462526,0.2419703657794725,0.43693429705941794,0.08889828630042927,0.34876961635563963,741,741,741.0,0.18527471491255493,0.1876596568516473,-4.572167220623754,0.03673591791853225,0.030584078635197957,0.06643431810133148,741,960143.0,0.5089806854543931,0.5115901424197882,2.8947188740473,0.1292187003371326,0.11568762269130359,0.22761656533401398,2068
img_vc2whyaq,Batch_3,0.34325204243158003,4426209,2255689.4594369726,0.2399344939137027,0.23994508740752238,-0.26919866997775443,0.0004992947811706188,0.0004031186388381209,0.0008376189098451857,0.03452794428470092,0.4099336591194756,363646,203390.03082483844,0.12313156299156641,0.12418549947062688,3.734969287437914,0.0017356178854406178,0.0014162064674407052,0.003079767121379259,50,50,50.0,0.39293602833362035,0.39314323052741185,-0.9301403490204052,0.1414213562373095,0.137853884579984,0.24917717606619147,50,188759.0,0.5425295070031412,0.549477219503401,4.560499182501642,0.2465061647707527,0.21967164923575902,0.4512715383122013,0.2369770651926612,0.5731630820428986,669,669,669.0,0.28184345696299806,0.28275452168065346,2.3003512229700944,0.038662233651352955,0.0326492337401591,0.06592098512998422,669,961572.0,0.6542671019779862,0.6569573538739182,2.5934855550893445,0.1786497346646527,0.16619327943390463,0.288125195889625,2068
img_x77cy643,Batch_3,0.3775109028680722,4853894,2491206.4246354103,0.13979661046264988,0.1406653260030824,3.185493059214542,0.00047602298395111394,0.0003832307993526945,0.000829892996323481,0.012148226231419194,0.4294167942815091,425385,239415.13972060342,0.040864619269213226,0.04101532094620037,-2.4565560983298553,0.0016053416151140065,0.0014660214273839707,0.002839383553616941,59,59,59.0,0.13545085455005673,0.138993604556926,-6.481973977367886,0.13018891098082389,0.13126349106292612,0.24765253796352232,59,217014.0,0.2927348079767996,0.30426062595690107,-7.910450754553494,0.24967871411483195,0.1930510112361878,0.4129825727874989,0.03749756385192016,0.3370417854011757,796,796,796.0,0.16636468167875812,0.16955388564321264,5.565164456489164,0.03544406025041679,0.029737131961449538,0.05976061642666999,796,1099498.0,0.5886453274564809,0.5902796717521762,-2.1323120077552744,0.14832160081868068,0.1223691992365662,0.2646451905461097,2068
img_x7u69zsw,Batch_3,0.3993640575059345,5376705,2856266.5547214895,0.20031876168296944,0.20941141615627965,-8.472993761907674,0.00045225074318132243,0.0003700777497926943,0.0007834923957879285,0.02333275394652856,0.468873607490695,289235,164168.6175019085,0.0930290893488217,0.13575178769918067,-23.370864245453532,0.001941701759481337,0.0015847830678139675,0.003397766545339799,46,46,46.0,0.34830635453460124,0.3507660239413141,-3.394621473188664,0.14744195615489714,0.14076275758598328,0.2574203009058536,46,125394.0,0.12815120023826684,0.3331124294171904,-33.68717600813545,0.29551334976273774,0.28970524099765393,0.5069004044888906,0.1768008723449195,0.5648366876644707,644,644,644.0,0.2720030061708268,0.27201512941484957,-0.27047189325202226,0.03940552031195503,0.0322628077396077,0.07288398827209597,644,567351.0,0.44663093613927995,0.4474722902845198,-1.7570416325798135,0.11901462837131846,0.09965518301852135,0.1902049202968472,2060
img_xgj4xftb,Batch_3,0.36378919805220045,3706101,1888036.8669270657,0.21053293447641272,0.21096585434268675,1.835606569887535,0.000544384086376027,0.0004565345464497386,0.0009407839620763585,0.049753720567339225,0.38493475507811464,262012,144118.96056499358,0.10108485976827962,0.10401960647443596,6.821215075159673,0.0020467187651490347,0.001736128634913947,0.0035789436715634717,56,56,56.0,0.2272649433296945,0.23244517345801424,-6.059429837988034,0.1336306209562122,0.1081146232734865,0.22783319447856423,56,101660.0,0.33703324675071716,0.34304556102650025,-5.3714175644668956,0.3206504001090877,0.30692928147348864,0.5005493590597241,0.09270494808939715,0.4175489415326006,581,581,581.0,0.2236385424930709,0.2236509149644073,0.3013370450933162,0.04148699068225112,0.03293450607058758,0.06452679028361212,581,649824.0,0.5594726624944765,0.5639724438228061,-3.621292289963037,0.19844175473927783,0.17968039277689568,0.3126729992361688,1612
img_3e122cbj,New_Images_Batch,0.36415481406805067,5318567,2660945.363660532,0.15989392278128636,0.17215176298930682,-10.876023513909416,0.00045424044010942944,0.00038811553826604157,0.0008130569877188507,0.03299389796143744,0.5306254868559591,309941,164814.47021594003,0.1626283149477805,0.18258198974645568,-13.518454042229791,0.0018728701863815593,0.0016430802941206622,0.003106341362074357,193,193,193.0,0.32254376016343733,0.3256984185821121,-3.9904984480703263,0.07198157507486945,0.05667294489073988,0.11242616595760005,193,189618.0,0.18424720270802306,0.21064850369312088,-14.497231003627235,0.17726061855018516,0.15295579042228183,0.2916246310500715,0.22577226127053956,0.42395175111781896,1049,1049,1049.0,0.15012744098078706,0.15462263092666934,-6.924731413857472,0.03087537605472192,0.023993195580016842,0.04998030894163097,1049,811432.0,0.5635946261462382,0.5653940873984492,-2.2862225541306884,0.13613732754679878,0.11489075448233338,0.2228756869122256,2316
img_fn0mhxef,New_Images_Batch,0.315588240482748,4060832,2015863.5613751374,0.11335313998804301,0.13694848456920547,17.06807609623731,0.0005209272506927664,0.0004301298768562468,0.0009235933270064835,0.045192753844191975,0.4125268628860932,402731,221029.17843631367,0.057926819840495976,0.10485029950772147,28.23162724687962,0.0016456551450103024,0.0014239724059420293,0.0030334299380937605,74,74,74.0,0.18821723749718292,0.20271490774021084,10.900259236425743,0.11624763874381928,0.09432053989408459,0.18305202354365463,74,160565.0,0.39470837414947585,0.3982239637142036,3.80945671355607,0.22760569035557182,0.19948051432596633,0.4192911112963093,0.07432019345479594,0.36040034801701626,751,751,751.0,0.1357735277255302,0.13581861086056238,-0.7381541415139736,0.03649051825844134,0.03363034889728409,0.06092852269350972,751,839969.0,0.48540173060294967,0.48571427254005534,-1.0277669368799423,0.12919268220111563,0.11549713003422288,0.22470759888514824,2048
img_xrv9xvzb,New_Images_Batch,0.3635802433454777,4654571,2420033.2780861985,0.1423175806983425,0.1458389589808887,6.308192713742504,0.0004874760666057529,0.0003740991193286918,0.0008096404730272981,0.02522659814681709,0.4449059171352389,257629,150746.0253908925,0.07361996423164367,0.07871507659347228,10.363977622892184,0.0020627294867372574,0.0015563865451249323,0.003546971350508417,35,35,35.0,0.2454772574099008,0.29611486018968225,17.00226412993187,0.1690308509457033,0.13898502443303257,0.27993354058016046,35,117494.0,0.36029577868410206,0.3982519738602858,-12.609015532332307,0.3370768352257646,0.29189252660338694,0.534763288330749,0.12718121138951352,0.48398223749896246,685,685,685.0,0.20819784655740545,0.2088998286483776,-2.349217893086177,0.03820803599504351,0.03327076724161686,0.06334105040292988,685,1220043.0,0.5055598534431299,0.567822994251707,-13.541519186682507,0.18485735233522396,0.1561853974836841,0.2982787877304666,2088
