id,slide,claim,number_key,value,source,how_obtained,verification
S1-001,1,"Example photo is Batch 3 image cfe5vt7s (BSE), 25 nm per pixel",ex_id,cfe5vt7s,analysis/outputs/tables/features.csv @ 7f0048e,Batch_3 photo with the 2nd-smallest mean robust |z| over the five slide-4 markers (rank 2 of 17); chosen over rank 1 (pl8uabbv) for clearer particles in the display crop,"re-computed with main's code: masks identical for 31/31 images, 54/54 feature columns identical"
S1-002,1,"Example photo is Batch 3 image cfe5vt7s (BSE), 25 nm per pixel",nm_per_px,25 nm,analysis/outputs/tables/segment_info.csv @ 7f0048e,median um_per_px x 1000 (range 0.024999-0.025001 um),from-scratch rebuild with main's code: identical
S1-003,1,"31 photos: 7 + 7 + 17 locations, each with 3 detectors",n_images,31,analysis/outputs/tables/features.csv @ 7f0048e,subset=='full' rows,"re-computed with main's code: masks identical for 31/31 images, 54/54 feature columns identical"
S1-004,1,"31 photos: 7 + 7 + 17 locations, each with 3 detectors",n_Batch_1,7,analysis/outputs/tables/features.csv @ 7f0048e,count of subset=='full' rows per batch,"re-computed with main's code: masks identical for 31/31 images, 54/54 feature columns identical"
S1-005,1,"31 photos: 7 + 7 + 17 locations, each with 3 detectors",n_Batch_2,7,analysis/outputs/tables/features.csv @ 7f0048e,count of subset=='full' rows per batch,"re-computed with main's code: masks identical for 31/31 images, 54/54 feature columns identical"
S1-006,1,"31 photos: 7 + 7 + 17 locations, each with 3 detectors",n_Batch_3,17,analysis/outputs/tables/features.csv @ 7f0048e,count of subset=='full' rows per batch,"re-computed with main's code: masks identical for 31/31 images, 54/54 feature columns identical"
S1-007,1,"31 photos: 7 + 7 + 17 locations, each with 3 detectors",n_tif,93,Hackathon-Polaron/Batch_*/*.tif @ 7f0048e,file count,read directly from main's dataset files
S1-008,1,20 repeatable measurements retained per photo,n_kept,20,analysis/outputs/tables/baseline_stats.csv @ 7f0048e,rows (features kept after repeatability/duplicate pruning),regenerated with main's run_all.stage_stats(): identical
S1-009,1,Single-photo batch call: 15 of 31 held-out photos correct,loo_correct,15,analysis/outputs/tables/loo_predictions_allfeatures.csv @ 7f0048e,pred_batch == batch,"re-computed with main's code: masks identical for 31/31 images, 54/54 feature columns identical"
S1-010,1,Single-photo batch call: 15 of 31 held-out photos correct,n_images,31,analysis/outputs/tables/features.csv @ 7f0048e,subset=='full' rows,"re-computed with main's code: masks identical for 31/31 images, 54/54 feature columns identical"
S2-011,2,2 of 31 photos flagged by the quality guards,n_flagged,2,analysis/outputs/tables/quality_guards.csv @ 7f0048e,flagged == True,from-scratch rebuild with main's code: identical values and flags
S2-012,2,2 of 31 photos flagged by the quality guards,flagged_ids,"4ih2ggld, 5n1q8atc",analysis/outputs/tables/quality_guards.csv @ 7f0048e,flagged image ids (both Batch_1),from-scratch rebuild with main's code: identical values and flags
S2-013,2,"53 features computed, 20 kept",n_features,53,analysis/outputs/tables/feature_meta.csv @ 7f0048e,rows (features computed),committed count; a from-scratch build of main's current features.py registers more features (see build-state caveat in the slide 2/7 notes)
S2-014,2,"53 features computed, 20 kept",n_kept,20,analysis/outputs/tables/baseline_stats.csv @ 7f0048e,rows (features kept after repeatability/duplicate pruning),regenerated with main's run_all.stage_stats(): identical
S2-015,2,Single photos: 15 of 31 assigned to the right batch,loo_correct,15,analysis/outputs/tables/loo_predictions_allfeatures.csv @ 7f0048e,pred_batch == batch,"re-computed with main's code: masks identical for 31/31 images, 54/54 feature columns identical"
S3-016,3,Panels show Batch 3 photo cfe5vt7s,ex_id,cfe5vt7s,analysis/outputs/tables/features.csv @ 7f0048e,Batch_3 photo with the 2nd-smallest mean robust |z| over the five slide-4 markers (rank 2 of 17); chosen over rank 1 (pl8uabbv) for clearer particles in the display crop,"re-computed with main's code: masks identical for 31/31 images, 54/54 feature columns identical"
S3-017,3,Panels show Batch 3 photo cfe5vt7s,ex_batch,Batch 3,analysis/outputs/tables/features.csv @ 7f0048e,,"re-computed with main's code: masks identical for 31/31 images, 54/54 feature columns identical"
S3-018,3,"Cut-offs for this photo: pore 0.277, bright 0.607 (normalised scale)",ex_t_lo,0.277,analysis/outputs/tables/segment_info.csv @ 7f0048e,"pore cut on the normalised [0,1] scale",from-scratch rebuild with main's code: identical
S3-019,3,"Cut-offs for this photo: pore 0.277, bright 0.607 (normalised scale)",ex_t_b,0.607,analysis/outputs/tables/segment_info.csv @ 7f0048e,"bright cut on the normalised [0,1] scale",from-scratch rebuild with main's code: identical
S3-020,3,"+/-10% shift of the pore cut changes pore fraction by -12%/+13% (median, relative)",sens_pore_m,-12%,analysis/outputs/tables/threshold_sensitivity.csv @ 7f0048e,median relative change of pore fraction when t_lo(pore) is shifted -10%,from-scratch rebuild with main's code: identical
S3-021,3,"+/-10% shift of the pore cut changes pore fraction by -12%/+13% (median, relative)",sens_pore_p,+13%,analysis/outputs/tables/threshold_sensitivity.csv @ 7f0048e,median relative change of pore fraction when t_lo(pore) is shifted +10%,from-scratch rebuild with main's code: identical
S3-022,3,+/-10% shift of the bright cut changes bright fraction by +23%/-10%,sens_si_m,+23%,analysis/outputs/tables/threshold_sensitivity.csv @ 7f0048e,median relative change of silicon fraction when t_b(silicon) is shifted -10%,from-scratch rebuild with main's code: identical
S3-023,3,+/-10% shift of the bright cut changes bright fraction by +23%/-10%,sens_si_p,-10%,analysis/outputs/tables/threshold_sensitivity.csv @ 7f0048e,median relative change of silicon fraction when t_b(silicon) is shifted +10%,from-scratch rebuild with main's code: identical
S3-024,3,"Human point-count check sheet: 300 points, 0 labelled",pc_points,300,analysis/outputs/pointcount/point_count_validation.xlsx @ 7f0048e,rows,"read from the committed sheet: 300 rows, human_class column empty (no expert labels yet)"
S3-025,3,"Human point-count check sheet: 300 points, 0 labelled",pc_human,0,analysis/outputs/pointcount/point_count_validation.xlsx @ 7f0048e,rows with a human_class label,"read from the committed sheet: 300 rows, human_class column empty (no expert labels yet)"
S3-026,3,Bright cut falls back to multi-Otsu on all 31 photos,n_bright_fallback,31,analysis/outputs/tables/segment_info.csv @ 7f0048e,images whose bright cut = upper multi-Otsu (valley not found),from-scratch rebuild with main's code: identical
S4-027,4,"Batch 1 visible pore space -14% vs Batch 3, suggestive (CI excludes 0, Holm p = 1)",d_Batch_1_pore_frac_pct,-14%,analysis/outputs/tables/deltas.csv @ 7f0048e,"pct_delta, Batch_1 vs Batch_3 (7 vs 17 images)","regenerated with main's code: deltas, % changes, Mann-Whitney p and classes identical; bootstrap CI / Holm p differ slightly (committed table predates si_d10_um removal)"
S4-028,4,"Batch 1 visible pore space -14% vs Batch 3, suggestive (CI excludes 0, Holm p = 1)",d_Batch_1_pore_frac_class,suggestive,analysis/outputs/tables/deltas.csv @ 7f0048e,classification (different: CI excludes 0 and Holm p<0.05; suggestive: CI excludes 0 only; equivalent: CI within +/-10% of B3 mean; else undetermined),"regenerated with main's code: deltas, % changes, Mann-Whitney p and classes identical; bootstrap CI / Holm p differ slightly (committed table predates si_d10_um removal)"
S4-029,4,"Batch 1 visible pore space -14% vs Batch 3, suggestive (CI excludes 0, Holm p = 1)",d_Batch_1_pore_frac_ci,"[-0.0306, -0.00262]",analysis/outputs/tables/deltas.csv @ 7f0048e,bootstrap 95% CI on the mean difference (images resampled),"regenerated with main's code: deltas, % changes, Mann-Whitney p and classes identical; bootstrap CI / Holm p differ slightly (committed table predates si_d10_um removal)"
S4-030,4,"Batch 1 visible pore space -14% vs Batch 3, suggestive (CI excludes 0, Holm p = 1)",d_Batch_1_pore_frac_pholm,1.000,analysis/outputs/tables/deltas.csv @ 7f0048e,Holm-adjusted p (committed table; see ledger note),"regenerated with main's code: deltas, % changes, Mann-Whitney p and classes identical; bootstrap CI / Holm p differ slightly (committed table predates si_d10_um removal)"
S4-031,4,Batch 2 visible pore space: undetermined,d_Batch_2_pore_frac_class,undetermined,analysis/outputs/tables/deltas.csv @ 7f0048e,classification (different: CI excludes 0 and Holm p<0.05; suggestive: CI excludes 0 only; equivalent: CI within +/-10% of B3 mean; else undetermined),"regenerated with main's code: deltas, % changes, Mann-Whitney p and classes identical; bootstrap CI / Holm p differ slightly (committed table predates si_d10_um removal)"
S4-032,4,"Bright share: Batch 1 -2% without flagged photos, +45% with them (both undetermined)",d_nf_Batch_1_silicon_frac_pct,-2%,analysis/outputs/tables/deltas_noflag.csv @ 7f0048e,"pct_delta, Batch_1 vs Batch_3 (5 vs 17 images)","regenerated with main's code: deltas, % changes, Mann-Whitney p and classes identical; bootstrap CI / Holm p differ slightly (committed table predates si_d10_um removal)"
S4-033,4,"Bright share: Batch 1 -2% without flagged photos, +45% with them (both undetermined)",d_Batch_1_silicon_frac_pct,+45%,analysis/outputs/tables/deltas.csv @ 7f0048e,"pct_delta, Batch_1 vs Batch_3 (7 vs 17 images)","regenerated with main's code: deltas, % changes, Mann-Whitney p and classes identical; bootstrap CI / Holm p differ slightly (committed table predates si_d10_um removal)"
S4-034,4,"Bright share: Batch 1 -2% without flagged photos, +45% with them (both undetermined)",d_Batch_1_silicon_frac_class,undetermined,analysis/outputs/tables/deltas.csv @ 7f0048e,classification (different: CI excludes 0 and Holm p<0.05; suggestive: CI excludes 0 only; equivalent: CI within +/-10% of B3 mean; else undetermined),"regenerated with main's code: deltas, % changes, Mann-Whitney p and classes identical; bootstrap CI / Holm p differ slightly (committed table predates si_d10_um removal)"
S4-035,4,"Bright share: Batch 1 -2% without flagged photos, +45% with them (both undetermined)",d_nf_Batch_1_silicon_frac_class,undetermined,analysis/outputs/tables/deltas_noflag.csv @ 7f0048e,classification (different: CI excludes 0 and Holm p<0.05; suggestive: CI excludes 0 only; equivalent: CI within +/-10% of B3 mean; else undetermined),"regenerated with main's code: deltas, % changes, Mann-Whitney p and classes identical; bootstrap CI / Holm p differ slightly (committed table predates si_d10_um removal)"
S4-036,4,"Particle size: Batch 3 mean 0.76 um; B1 -15%, B2 -12%, undetermined",mean_si_d50_um_Batch_3,0.763,analysis/outputs/tables/features.csv @ 7f0048e,"mean of si_d50_um, Batch_3, all images","re-computed with main's code: masks identical for 31/31 images, 54/54 feature columns identical"
S4-037,4,"Particle size: Batch 3 mean 0.76 um; B1 -15%, B2 -12%, undetermined",d_Batch_1_si_d50_um_pct,-15%,analysis/outputs/tables/deltas.csv @ 7f0048e,"pct_delta, Batch_1 vs Batch_3 (7 vs 17 images)","regenerated with main's code: deltas, % changes, Mann-Whitney p and classes identical; bootstrap CI / Holm p differ slightly (committed table predates si_d10_um removal)"
S4-038,4,"Particle size: Batch 3 mean 0.76 um; B1 -15%, B2 -12%, undetermined",d_Batch_2_si_d50_um_pct,-12%,analysis/outputs/tables/deltas.csv @ 7f0048e,"pct_delta, Batch_2 vs Batch_3 (7 vs 17 images)","regenerated with main's code: deltas, % changes, Mann-Whitney p and classes identical; bootstrap CI / Holm p differ slightly (committed table predates si_d10_um removal)"
S4-039,4,"Particle size: Batch 3 mean 0.76 um; B1 -15%, B2 -12%, undetermined",d_Batch_1_si_d50_um_class,undetermined,analysis/outputs/tables/deltas.csv @ 7f0048e,classification (different: CI excludes 0 and Holm p<0.05; suggestive: CI excludes 0 only; equivalent: CI within +/-10% of B3 mean; else undetermined),"regenerated with main's code: deltas, % changes, Mann-Whitney p and classes identical; bootstrap CI / Holm p differ slightly (committed table predates si_d10_um removal)"
S4-040,4,"Particle size: Batch 3 mean 0.76 um; B1 -15%, B2 -12%, undetermined",d_Batch_2_si_d50_um_class,undetermined,analysis/outputs/tables/deltas.csv @ 7f0048e,classification (different: CI excludes 0 and Holm p<0.05; suggestive: CI excludes 0 only; equivalent: CI within +/-10% of B3 mean; else undetermined),"regenerated with main's code: deltas, % changes, Mann-Whitney p and classes identical; bootstrap CI / Holm p differ slightly (committed table predates si_d10_um removal)"
S4-041,4,"Pore space within 250 nm of particles: 8-10% in every batch, no difference detected",mean_ring_porosity_250nm_Batch_1,0.09646,analysis/outputs/tables/features.csv @ 7f0048e,"mean of ring_porosity_250nm, Batch_1, all images","re-computed with main's code: masks identical for 31/31 images, 54/54 feature columns identical"
S4-042,4,"Pore space within 250 nm of particles: 8-10% in every batch, no difference detected",mean_ring_porosity_250nm_Batch_2,0.08151,analysis/outputs/tables/features.csv @ 7f0048e,"mean of ring_porosity_250nm, Batch_2, all images","re-computed with main's code: masks identical for 31/31 images, 54/54 feature columns identical"
S4-043,4,"Pore space within 250 nm of particles: 8-10% in every batch, no difference detected",mean_ring_porosity_250nm_Batch_3,0.08355,analysis/outputs/tables/features.csv @ 7f0048e,"mean of ring_porosity_250nm, Batch_3, all images","re-computed with main's code: masks identical for 31/31 images, 54/54 feature columns identical"
S4-044,4,"Pore space within 250 nm of particles: 8-10% in every batch, no difference detected",d_Batch_1_ring_porosity_250nm_class,undetermined,analysis/outputs/tables/deltas.csv @ 7f0048e,classification (different: CI excludes 0 and Holm p<0.05; suggestive: CI excludes 0 only; equivalent: CI within +/-10% of B3 mean; else undetermined),"regenerated with main's code: deltas, % changes, Mann-Whitney p and classes identical; bootstrap CI / Holm p differ slightly (committed table predates si_d10_um removal)"
S4-045,4,"Pore space within 250 nm of particles: 8-10% in every batch, no difference detected",d_Batch_2_ring_porosity_250nm_class,undetermined,analysis/outputs/tables/deltas.csv @ 7f0048e,classification (different: CI excludes 0 and Holm p<0.05; suggestive: CI excludes 0 only; equivalent: CI within +/-10% of B3 mean; else undetermined),"regenerated with main's code: deltas, % changes, Mann-Whitney p and classes identical; bootstrap CI / Holm p differ slightly (committed table predates si_d10_um removal)"
S4-046,4,"Flake alignment ratio ~1.2 in every batch, equivalent",mean_gr_chord_ratio_hv_Batch_1,1.187,analysis/outputs/tables/features.csv @ 7f0048e,"mean of gr_chord_ratio_hv, Batch_1, all images","re-computed with main's code: masks identical for 31/31 images, 54/54 feature columns identical"
S4-047,4,"Flake alignment ratio ~1.2 in every batch, equivalent",mean_gr_chord_ratio_hv_Batch_2,1.187,analysis/outputs/tables/features.csv @ 7f0048e,"mean of gr_chord_ratio_hv, Batch_2, all images","re-computed with main's code: masks identical for 31/31 images, 54/54 feature columns identical"
S4-048,4,"Flake alignment ratio ~1.2 in every batch, equivalent",mean_gr_chord_ratio_hv_Batch_3,1.2,analysis/outputs/tables/features.csv @ 7f0048e,"mean of gr_chord_ratio_hv, Batch_3, all images","re-computed with main's code: masks identical for 31/31 images, 54/54 feature columns identical"
S4-049,4,"Flake alignment ratio ~1.2 in every batch, equivalent",d_Batch_1_gr_chord_ratio_hv_class,equivalent,analysis/outputs/tables/deltas.csv @ 7f0048e,classification (different: CI excludes 0 and Holm p<0.05; suggestive: CI excludes 0 only; equivalent: CI within +/-10% of B3 mean; else undetermined),"regenerated with main's code: deltas, % changes, Mann-Whitney p and classes identical; bootstrap CI / Holm p differ slightly (committed table predates si_d10_um removal)"
S4-050,4,"Flake alignment ratio ~1.2 in every batch, equivalent",d_Batch_2_gr_chord_ratio_hv_class,equivalent,analysis/outputs/tables/deltas.csv @ 7f0048e,classification (different: CI excludes 0 and Holm p<0.05; suggestive: CI excludes 0 only; equivalent: CI within +/-10% of B3 mean; else undetermined),"regenerated with main's code: deltas, % changes, Mann-Whitney p and classes identical; bootstrap CI / Holm p differ slightly (committed table predates si_d10_um removal)"
S5-051,5,"Highlighted particle: equal-area diameter 3.81 um (main particles.csv, label 188)",,,see note,value read from main's particles.csv (diam_um); verified against the committed label mask,value read from main's particles.csv (diam_um); verified against the committed label mask
S5-052,5,Photo median particle size over 327 particles,ex_si_d50_um,0.6567,analysis/outputs/tables/features.csv @ 7f0048e,si_d50_um of cfe5vt7s (subset=full),"re-computed with main's code: masks identical for 31/31 images, 54/54 feature columns identical"
S5-053,5,Photo median particle size over 327 particles,ex_n_particles,327,analysis/outputs/tables/particles.csv @ 7f0048e,watershed particles in the example image,"re-computed with main's code: masks identical for 31/31 images, 54/54 feature columns identical"
S5-054,5,Example photo pore fraction 10.8%,ex_pore_frac,0.1078,analysis/outputs/tables/features.csv @ 7f0048e,pore_frac of cfe5vt7s (subset=full),"re-computed with main's code: masks identical for 31/31 images, 54/54 feature columns identical"
S5-055,5,Share of particles with an edge pixel within 3 px (75 nm) of a pore (presentation-derived),ex_contact_number,23%,analysis/outputs/tables/particles.csv @ 7f0048e,share of particles with d_min_px <= 3 (presentation-derived from main's per-particle table; not a main feature),"re-computed with main's code: masks identical for 31/31 images, 54/54 feature columns identical"
S5-056,5,Share of bright area belonging to those particles (presentation-derived),ex_contact_area,49%,analysis/outputs/tables/particles.csv @ 7f0048e,share of particle area in particles with d_min_px <= 3 (presentation-derived; not a main feature),"re-computed with main's code: masks identical for 31/31 images, 54/54 feature columns identical"
S5-057,5,Share of particle-edge pixels within 3 px of a pore (main si_border_pore),ex_si_border_pore,0.01664,analysis/outputs/tables/exp_newfeat.csv @ 7f0048e,si_border_pore of cfe5vt7s (subset=full),"re-computed with main's code: masks identical for 31/31 images, 54/54 feature columns identical"
S5-058,5,Pore share of the 250-nm shell around particles (main ring_porosity_250nm),ex_ring_porosity_250nm,0.08559,analysis/outputs/tables/features.csv @ 7f0048e,ring_porosity_250nm of cfe5vt7s (subset=full),"re-computed with main's code: masks identical for 31/31 images, 54/54 feature columns identical"
S5-059,5,Example photo flake run ratio (across vs down),ex_gr_chord_ratio_hv,1.213,analysis/outputs/tables/features.csv @ 7f0048e,gr_chord_ratio_hv of cfe5vt7s (subset=full),"re-computed with main's code: masks identical for 31/31 images, 54/54 feature columns identical"
S5-060,5,Example photo flake run ratio (across vs down),ex_gr_chord_h_um,3.75,analysis/outputs/tables/features.csv @ 7f0048e,gr_chord_h_um of cfe5vt7s (subset=full),"re-computed with main's code: masks identical for 31/31 images, 54/54 feature columns identical"
S5-061,5,Example photo flake run ratio (across vs down),ex_gr_chord_v_um,3.093,analysis/outputs/tables/features.csv @ 7f0048e,gr_chord_v_um of cfe5vt7s (subset=full),"re-computed with main's code: masks identical for 31/31 images, 54/54 feature columns identical"
S6-062,6,Batch 1 pore space -14% vs Batch 3 (suggestive),d_Batch_1_pore_frac_pct,-14%,analysis/outputs/tables/deltas.csv @ 7f0048e,"pct_delta, Batch_1 vs Batch_3 (7 vs 17 images)","regenerated with main's code: deltas, % changes, Mann-Whitney p and classes identical; bootstrap CI / Holm p differ slightly (committed table predates si_d10_um removal)"
S6-063,6,Batch 1 pore space -14% vs Batch 3 (suggestive),d_Batch_1_pore_frac_class,suggestive,analysis/outputs/tables/deltas.csv @ 7f0048e,classification (different: CI excludes 0 and Holm p<0.05; suggestive: CI excludes 0 only; equivalent: CI within +/-10% of B3 mean; else undetermined),"regenerated with main's code: deltas, % changes, Mann-Whitney p and classes identical; bootstrap CI / Holm p differ slightly (committed table predates si_d10_um removal)"
S6-064,6,Flagged Batch 1 photos read 16.9% and 18.4% bright; others 4.5-9.7%,si_flagged_values,16.9% and 18.4%,analysis/outputs/tables/features.csv @ 7f0048e,silicon_frac of the two flagged images,"re-computed with main's code: masks identical for 31/31 images, 54/54 feature columns identical"
S6-065,6,Flagged Batch 1 photos read 16.9% and 18.4% bright; others 4.5-9.7%,si_range_unflagged,4.5–9.7%,analysis/outputs/tables/features.csv @ 7f0048e,min-max silicon_frac over 29 unflagged images,"re-computed with main's code: masks identical for 31/31 images, 54/54 feature columns identical"
S6-066,6,"Texture is the only Holm-significant marker (B1 +18%, B2 +15%)",holm_survivors,Batch_1:bse_bulk_texture; Batch_2:bse_bulk_texture,analysis/outputs/tables/deltas.csv @ 7f0048e,rows with p_holm < 0.05,"regenerated with main's code: deltas, % changes, Mann-Whitney p and classes identical; bootstrap CI / Holm p differ slightly (committed table predates si_d10_um removal)"
S6-067,6,"Texture is the only Holm-significant marker (B1 +18%, B2 +15%)",d_Batch_1_bse_bulk_texture_pct,+18%,analysis/outputs/tables/deltas.csv @ 7f0048e,"pct_delta, Batch_1 vs Batch_3 (7 vs 17 images)","regenerated with main's code: deltas, % changes, Mann-Whitney p and classes identical; bootstrap CI / Holm p differ slightly (committed table predates si_d10_um removal)"
S6-068,6,"Texture is the only Holm-significant marker (B1 +18%, B2 +15%)",d_Batch_2_bse_bulk_texture_pct,+15%,analysis/outputs/tables/deltas.csv @ 7f0048e,"pct_delta, Batch_2 vs Batch_3 (7 vs 17 images)","regenerated with main's code: deltas, % changes, Mann-Whitney p and classes identical; bootstrap CI / Holm p differ slightly (committed table predates si_d10_um removal)"
S6-069,6,"Texture correlates with image noise, r = 0.91 (31 photos)",r_texture_noise,0.91,analysis/outputs/tables/features.csv + quality_guards.csv @ 7f0048e,"Pearson r(bse_bulk_texture, noise_mad), 31 images",feature columns re-computed identical (31/31 masks); quality_guards values identical in the from-scratch rebuild
S6-070,6,12 of 17 Batch 3 photos have lower noise than any Batch 1/2 photo,n_B3_lower_noise,12,analysis/outputs/tables/quality_guards.csv @ 7f0048e,Batch_3 images with noise_mad below every Batch_1/2 image,from-scratch rebuild with main's code: identical values and flags
S7-071,7,Batch 1: pore space and large-gap shifts (suggestive),d_Batch_1_pore_frac_pct,-14%,analysis/outputs/tables/deltas.csv @ 7f0048e,"pct_delta, Batch_1 vs Batch_3 (7 vs 17 images)","regenerated with main's code: deltas, % changes, Mann-Whitney p and classes identical; bootstrap CI / Holm p differ slightly (committed table predates si_d10_um removal)"
S7-072,7,Batch 1: pore space and large-gap shifts (suggestive),d_Batch_1_large_gap_frac_pct,-71%,analysis/outputs/tables/deltas.csv @ 7f0048e,"pct_delta, Batch_1 vs Batch_3 (7 vs 17 images)","regenerated with main's code: deltas, % changes, Mann-Whitney p and classes identical; bootstrap CI / Holm p differ slightly (committed table predates si_d10_um removal)"
S7-073,7,Batch 1: pore space and large-gap shifts (suggestive),d_Batch_1_large_gap_frac_class,suggestive,analysis/outputs/tables/deltas.csv @ 7f0048e,classification (different: CI excludes 0 and Holm p<0.05; suggestive: CI excludes 0 only; equivalent: CI within +/-10% of B3 mean; else undetermined),"regenerated with main's code: deltas, % changes, Mann-Whitney p and classes identical; bootstrap CI / Holm p differ slightly (committed table predates si_d10_um removal)"
S7-074,7,"Batch 1 bright share +45% with flagged photos, -2% without",d_Batch_1_silicon_frac_pct,+45%,analysis/outputs/tables/deltas.csv @ 7f0048e,"pct_delta, Batch_1 vs Batch_3 (7 vs 17 images)","regenerated with main's code: deltas, % changes, Mann-Whitney p and classes identical; bootstrap CI / Holm p differ slightly (committed table predates si_d10_um removal)"
S7-075,7,"Batch 1 bright share +45% with flagged photos, -2% without",d_nf_Batch_1_silicon_frac_pct,-2%,analysis/outputs/tables/deltas_noflag.csv @ 7f0048e,"pct_delta, Batch_1 vs Batch_3 (5 vs 17 images)","regenerated with main's code: deltas, % changes, Mann-Whitney p and classes identical; bootstrap CI / Holm p differ slightly (committed table predates si_d10_um removal)"
S7-076,7,"Texture +18% (B1) / +15% (B2), Holm-significant, noise-linked",d_Batch_1_bse_bulk_texture_pct,+18%,analysis/outputs/tables/deltas.csv @ 7f0048e,"pct_delta, Batch_1 vs Batch_3 (7 vs 17 images)","regenerated with main's code: deltas, % changes, Mann-Whitney p and classes identical; bootstrap CI / Holm p differ slightly (committed table predates si_d10_um removal)"
S7-077,7,"Texture +18% (B1) / +15% (B2), Holm-significant, noise-linked",d_Batch_2_bse_bulk_texture_pct,+15%,analysis/outputs/tables/deltas.csv @ 7f0048e,"pct_delta, Batch_2 vs Batch_3 (7 vs 17 images)","regenerated with main's code: deltas, % changes, Mann-Whitney p and classes identical; bootstrap CI / Holm p differ slightly (committed table predates si_d10_um removal)"
S7-078,7,"Texture +18% (B1) / +15% (B2), Holm-significant, noise-linked",d_Batch_1_bse_bulk_texture_pholm,0.005,analysis/outputs/tables/deltas.csv @ 7f0048e,Holm-adjusted p (committed table; see ledger note),"regenerated with main's code: deltas, % changes, Mann-Whitney p and classes identical; bootstrap CI / Holm p differ slightly (committed table predates si_d10_um removal)"
S7-079,7,"Texture +18% (B1) / +15% (B2), Holm-significant, noise-linked",r_texture_noise,0.91,analysis/outputs/tables/features.csv + quality_guards.csv @ 7f0048e,"Pearson r(bse_bulk_texture, noise_mad), 31 images",feature columns re-computed identical (31/31 masks); quality_guards values identical in the from-scratch rebuild
S7-080,7,Batch 2 graphite texture order -8% and finest pores -7% (both suggestive),d_Batch_2_gr_st_coherence_pct,-8%,analysis/outputs/tables/deltas.csv @ 7f0048e,"pct_delta, Batch_2 vs Batch_3 (7 vs 17 images)","regenerated with main's code: deltas, % changes, Mann-Whitney p and classes identical; bootstrap CI / Holm p differ slightly (committed table predates si_d10_um removal)"
S7-081,7,Batch 2 graphite texture order -8% and finest pores -7% (both suggestive),d_Batch_2_gr_st_coherence_class,suggestive,analysis/outputs/tables/deltas.csv @ 7f0048e,classification (different: CI excludes 0 and Holm p<0.05; suggestive: CI excludes 0 only; equivalent: CI within +/-10% of B3 mean; else undetermined),"regenerated with main's code: deltas, % changes, Mann-Whitney p and classes identical; bootstrap CI / Holm p differ slightly (committed table predates si_d10_um removal)"
S7-082,7,Batch 2 graphite texture order -8% and finest pores -7% (both suggestive),d_Batch_2_pore_thick_d10_um_pct,-7%,analysis/outputs/tables/deltas.csv @ 7f0048e,"pct_delta, Batch_2 vs Batch_3 (7 vs 17 images)","regenerated with main's code: deltas, % changes, Mann-Whitney p and classes identical; bootstrap CI / Holm p differ slightly (committed table predates si_d10_um removal)"
S7-083,7,Batch 2 graphite texture order -8% and finest pores -7% (both suggestive),d_Batch_2_pore_thick_d10_um_class,suggestive,analysis/outputs/tables/deltas.csv @ 7f0048e,classification (different: CI excludes 0 and Holm p<0.05; suggestive: CI excludes 0 only; equivalent: CI within +/-10% of B3 mean; else undetermined),"regenerated with main's code: deltas, % changes, Mann-Whitney p and classes identical; bootstrap CI / Holm p differ slightly (committed table predates si_d10_um removal)"
S7-084,7,7 of 17 held-out Batch 3 photos called OUT of the Batch 3 envelope,b3_out,7 of 17,analysis/outputs/tables/loo_predictions_allfeatures.csv @ 7f0048e,held-out Batch_3 images called OUT of their own envelope,"re-computed with main's code: masks identical for 31/31 images, 54/54 feature columns identical"
S7-085,7,"From-scratch rebuild: same structural results; classifier LOO all-features 15/31, artefact-safe 20/31, B3 OUT 8/17 (notes only)",,,see note,"provenance/clean_rebuild_summary.json — main's run_all.py --fast on an emptied outputs/ folder, Python 3.10 env","provenance/clean_rebuild_summary.json — main's run_all.py --fast on an emptied outputs/ folder, Python 3.10 env"
S7-086,7,"DFN 2C, measured porosity: B1 -2.7%, B2 -2.9% vs B3; corrected porosity: no difference",dfn_Batch_1_measured_2C,-2.7%,analysis/outputs/tables/dfn_deltas.csv @ 7f0048e,"2C capacity vs Batch_3, measured porosity (interval -0.186..-0.029 Ah: CI excludes 0)","regenerated with main's code: deltas, % changes, Mann-Whitney p and classes identical; bootstrap CI / Holm p differ slightly (committed table predates si_d10_um removal)"
S7-087,7,"DFN 2C, measured porosity: B1 -2.7%, B2 -2.9% vs B3; corrected porosity: no difference",dfn_Batch_2_measured_2C,-2.9%,analysis/outputs/tables/dfn_deltas.csv @ 7f0048e,"2C capacity vs Batch_3, measured porosity (interval -0.196..-0.030 Ah: CI excludes 0)","regenerated with main's code: deltas, % changes, Mann-Whitney p and classes identical; bootstrap CI / Holm p differ slightly (committed table predates si_d10_um removal)"
S7-088,7,"DFN 2C, measured porosity: B1 -2.7%, B2 -2.9% vs B3; corrected porosity: no difference",dfn_Batch_1_corrected_2C,+0.0%,analysis/outputs/tables/dfn_deltas.csv @ 7f0048e,"2C capacity vs Batch_3, corrected porosity (interval -0.000..0.001 Ah: CI includes 0)","regenerated with main's code: deltas, % changes, Mann-Whitney p and classes identical; bootstrap CI / Holm p differ slightly (committed table predates si_d10_um removal)"
S7-089,7,"DFN 2C, measured porosity: B1 -2.7%, B2 -2.9% vs B3; corrected porosity: no difference",dfn_Batch_2_corrected_2C,-0.0%,analysis/outputs/tables/dfn_deltas.csv @ 7f0048e,"2C capacity vs Batch_3, corrected porosity (interval -0.000..0.000 Ah: CI includes 0)","regenerated with main's code: deltas, % changes, Mann-Whitney p and classes identical; bootstrap CI / Holm p differ slightly (committed table predates si_d10_um removal)"
S7-090,7,DFN at <=1C: every run returns 5.25 Ah = time cut-off,dfn_censored_ah,5.25 Ah,analysis/outputs/tables/dfn_capacity.csv @ 7f0048e,"every C/10, C/2, 1C run returns 1.05 x nominal = time cut-off",committed PyBaMM output; censoring confirmed from dfn.py (t_end = 1.05 h / C-rate) and the table itself
S7-091,7,DFN at <=1C: every run returns 5.25 Ah = time cut-off,dfn_censored_spread,8.5e-15,analysis/outputs/tables/dfn_capacity.csv @ 7f0048e,max std of capacity across resamples at <=1C,committed PyBaMM output; censoring confirmed from dfn.py (t_end = 1.05 h / C-rate) and the table itself
