batch,feature,mean_batch,mean_b3,delta,pct_delta,std_delta,ci_lo,ci_hi,p_mw,mdd,n_batch,n_b3,p_holm,classification,abs_std_delta
Batch_1,silicon_frac,0.09690108861184828,0.06675990238455218,0.0301411862272961,45.14863735671157,2.1461857848192807,-0.004834283818910066,0.06901087295749987,0.2877805515105286,0.036922578388204966,7,17,1.0,undetermined,2.1461857848192807
Batch_1,corr_len_gr_um,1.1000037526460797,0.935296067730594,0.1647076849154857,17.610218902676785,1.5801883027556327,0.018052366094687914,0.33656412277940795,0.07516413575747495,0.15925587834236002,7,17,1.0,suggestive,1.5801883027556327
Batch_1,etd_roughness,0.03576490229793953,0.030303088071591655,0.005461814226347873,18.023952586760224,1.5781881102931044,0.0020133948978819285,0.009347851019149214,0.016024085246053206,0.003667228060633643,7,17,0.3044576196750109,suggestive,1.5781881102931044
Batch_1,pores_per_mm2,171815.32196442457,154974.6378085737,16840.684155850875,10.866735611702262,1.2970186136884159,-5618.146839087995,41110.657497834174,0.41807086887178424,23364.402168461085,7,17,1.0,undetermined,1.2970186136884159
Batch_1,bse_bulk_texture,13.94523184640067,11.815763754003187,2.1294680923974827,18.02226361944667,1.2321299601159421,1.232800345460907,2.988319424420845,0.00026003744539213644,0.8777595394799689,7,17,0.005200748907842729,different,1.2321299601159421
Batch_1,si_clarkevans_R,0.725281423421034,0.6792525343252261,0.04602888909580782,6.776402997382,1.0608212938331836,-0.0009436760330903349,0.09702048386406802,0.09949032660703143,0.04898207994857918,7,17,1.0,undetermined,1.0608212938331836
Batch_1,inlens_bulk_texture,40.373290470668245,50.93342500574448,-10.560134535076237,-20.733211116050455,-0.9389916015861965,-15.95004585971351,-5.616365760514718,0.033723967362411296,5.166840049599396,7,17,0.5733074451609921,suggestive,0.9389916015861965
Batch_1,inlens_edge_density,0.04692795766251423,0.04015039740239869,0.006777560260115542,16.88043132472366,0.907506678528766,0.0019469960921389192,0.011244005704408162,0.02826318100917643,0.004648504806134621,7,17,0.5087372581651757,suggestive,0.907506678528766
Batch_1,si_solidity,0.882121511714411,0.8959446777192572,-0.013823166004846232,-1.542859324755953,-0.7799457015193876,-0.037505104530066447,0.005692483607101755,0.34926496082102493,0.0215987940685841,7,17,1.0,equivalent,0.7799457015193876
Batch_1,graphite_frac,0.8043863132179462,0.8189933047475388,-0.014606991529592661,-1.7835300294787368,-0.7594175838397298,-0.0569049635465541,0.01968552006991242,0.6640027275038718,0.038295241808233266,7,17,1.0,equivalent,0.7594175838397298
Batch_1,pore_frac,0.09871259817020532,0.11424679286790891,-0.01553419469770359,-13.597051004892611,-0.7144322117186476,-0.030628171518953924,-0.002615081092528228,0.1661697062154728,0.014006545213212849,7,17,1.0,suggestive,0.7144322117186476
Batch_1,ring_porosity_250nm,0.0964644953799402,0.08355010286968688,0.012914392510253322,15.457063566272211,0.5984043015584802,-0.007997248289728254,0.03544710035753269,0.34926496082102493,0.021722174323630473,7,17,1.0,undetermined,0.5984043015584802
Batch_1,si_d50_um,0.6522382797581064,0.7630138936430334,-0.11077561388492696,-14.518164715982481,-0.53985250758162,-0.24111737134687578,0.016930068500423164,0.34926496082102493,0.12902371992364947,7,17,1.0,undetermined,0.53985250758162
Batch_1,large_gap_frac,0.004252898620578957,0.014761220988167397,-0.01050832236758844,-71.18870705893445,-0.5205461895428815,-0.021456475389739015,-0.001513705299083239,0.17070508308510912,0.009971385045327888,7,17,1.0,suggestive,0.5205461895428815
Batch_1,gr_st_coherence,0.10466827132872168,0.10842795231763051,-0.003759680988908831,-3.467446270584511,-0.46315173487000993,-0.009746262731672357,0.002144273799382305,0.23370432008875947,0.005945268265527331,7,17,1.0,equivalent,0.46315173487000993
Batch_1,gr_chord_ratio_hv,1.187459651272352,1.1996279538324088,-0.012168302560056743,-1.014339697669023,-0.3215758614925716,-0.07561157104522617,0.04874528296125004,1.0,0.062178427003238106,7,17,1.0,equivalent,0.3215758614925716
Batch_1,gr_chord_h_um,3.5312389616879316,3.6681007085735886,-0.136861746885657,-3.731133841711732,-0.3198320433934724,-0.9276359322731522,0.565697155676783,0.709751982063195,0.7466665439749676,7,17,1.0,undetermined,0.3198320433934724
Batch_1,pore_thick_d50_um,0.25896213897280035,0.26965970996863,-0.01069757099582963,-3.967063154178316,-0.2326451687417133,-0.04389125748323271,0.021706444364504456,0.7748420076653084,0.03279885092386858,7,17,1.0,undetermined,0.2326451687417133
Batch_1,pore_thick_d10_um,0.05295887730640138,0.05365497512909236,-0.0006960978226909845,-1.297359324118952,-0.08552888355323722,-0.006787652630583183,0.006439519878796866,1.0,0.006613586254690025,7,17,1.0,undetermined,0.08552888355323722
Batch_1,ring_porosity_500nm,0.20195401626218026,0.19997650721543295,0.0019775090467473166,0.9888706800029082,0.04860301566197615,-0.025078618788241323,0.026268813654656168,0.5761158495712273,0.025673716221448747,7,17,1.0,undetermined,0.04860301566197615
Batch_2,gr_st_coherence,0.09928565685238154,0.10842795231763051,-0.009142295465248973,-8.431677689962632,-1.1262311929962958,-0.014735506753585911,-0.003375121303090541,0.016024085246053206,0.005680192725247685,7,17,0.3044576196750109,suggestive,1.1262311929962958
Batch_2,bse_bulk_texture,13.60953153882708,11.815763754003187,1.793767784823892,15.181141246296182,1.0378906530991967,0.973943269553304,2.6185022610576216,0.0010459283914661488,0.8222794957521589,7,17,0.020918567829322977,different,1.0378906530991967
Batch_2,etd_roughness,0.033277911799294554,0.030303088071591655,0.0029748237277028994,9.816899586850088,0.8595736220083412,0.0010214432025281261,0.004966456549508239,0.14712340799297322,0.001972506673490057,7,17,1.0,suggestive,0.8595736220083412
Batch_2,inlens_edge_density,0.04559560013668874,0.04015039740239869,0.005445202734290049,13.562014541765752,0.7291057043625716,0.0015491774818319646,0.009147899105221409,0.1661697062154728,0.003799360811694722,7,17,1.0,suggestive,0.7291057043625716
Batch_2,gr_chord_h_um,3.9245017598774874,3.6681007085735886,0.2564010513038988,6.990022130652057,0.5991832928690652,-0.05357656945362501,0.5769693795791203,0.3827635623974297,0.31527297451637265,7,17,1.0,undetermined,0.5991832928690652
Batch_2,pore_thick_d10_um,0.04999975614358957,0.05365497512909236,-0.0036552189855027922,-6.812451178494516,-0.44911331249980535,-0.00731058096497347,-5.084582654663066e-07,0.291928296761336,0.003655036253354002,7,17,1.0,suggestive,0.44911331249980535
Batch_2,graphite_frac,0.8275504251413247,0.8189933047475388,0.008557120393785866,1.0448339863319964,0.44488474446700516,-0.005306745364168075,0.021964101647021294,0.3827635623974297,0.013635423505594685,7,17,1.0,equivalent,0.44488474446700516
Batch_2,si_d50_um,0.6748100465049477,0.7630138936430334,-0.08820384713808571,-11.559926742218773,-0.42985153849208896,-0.20118854423263974,0.022244341705067533,0.5761158495712273,0.11171644296885364,7,17,1.0,undetermined,0.42985153849208896
Batch_2,large_gap_frac,0.006959344836489972,0.014761220988167397,-0.007801876151677425,-52.85386729140776,-0.3864781417981164,-0.0191442632659738,0.0026495784244802015,0.4730110257924387,0.010896920845227,7,17,1.0,undetermined,0.3864781417981164
Batch_2,gr_chord_ratio_hv,1.1874891327891248,1.1996279538324088,-0.01213882104328401,-1.0118821426680287,-0.32079674344323744,-0.03932900196506792,0.01623589541283458,0.5342324850334005,0.027782448688951248,7,17,1.0,equivalent,0.32079674344323744
Batch_2,corr_len_gr_um,0.9642816483911304,0.935296067730594,0.02898558066053636,3.099080778866855,0.2780846293350645,-0.03362137434893894,0.09834316149355572,0.6794753120427586,0.06598226792124734,7,17,1.0,undetermined,0.2780846293350645
Batch_2,inlens_bulk_texture,47.89558628627232,50.93342500574448,-3.0378387194721626,-5.964332300703403,-0.270120142417024,-11.15806783067078,4.954222871475852,0.5342324850334005,8.056145351073315,7,17,1.0,undetermined,0.270120142417024
Batch_2,pore_frac,0.10873101765390045,0.11424679286790891,-0.005515775214008464,-4.827947529683177,-0.25367568529764256,-0.018712016023744834,0.006915858062833356,1.0,0.012813937043289095,7,17,1.0,undetermined,0.25367568529764256
Batch_2,pore_thick_d50_um,0.2595136602309629,0.26965970996863,-0.010146049737667084,-3.762538251949983,-0.22065097340336146,-0.037913783396094684,0.016133150986472743,0.9240375833307632,0.027023467191283713,7,17,1.0,undetermined,0.22065097340336146
Batch_2,silicon_frac,0.06371855720477455,0.06675990238455218,-0.003041345179777624,-4.55564653503953,-0.21655722977671693,-0.014306562559305744,0.008837685334660304,0.709751982063195,0.011572123946983023,7,17,1.0,undetermined,0.21655722977671693
Batch_2,pores_per_mm2,152820.83347292736,154974.6378085737,-2153.8043356463313,-1.3897785896468642,-0.16587950274012853,-14869.592104931438,12361.69365443811,0.49387467350854086,13615.642879684774,7,17,1.0,equivalent,0.16587950274012853
Batch_2,ring_porosity_500nm,0.20534653961655067,0.19997650721543295,0.005370032401117719,2.68533163014625,0.13198410865737703,-0.019759574131592055,0.027913981782165056,0.3175923999722627,0.023836777956878556,7,17,1.0,undetermined,0.13198410865737703
Batch_2,si_solidity,0.8977624861829224,0.8959446777192572,0.0018178084636651937,0.20289293623493135,0.10256636554347746,-0.007817856542296931,0.012011351725563502,0.5761158495712273,0.009914604133930216,7,17,1.0,equivalent,0.10256636554347746
Batch_2,si_clarkevans_R,0.683492559552765,0.6792525343252261,0.004240025227538857,0.6242192724022628,0.09771926144906168,-0.024599000884414808,0.030763194419007565,0.6640027275038718,0.027681097651711187,7,17,1.0,equivalent,0.09771926144906168
Batch_2,ring_porosity_250nm,0.08150843218202901,0.08355010286968688,-0.0020416706876578705,-2.4436483230215345,-0.0946033288743804,-0.018851985916151427,0.014168546071967346,0.8524952037537852,0.016510265994059387,7,17,1.0,undetermined,0.0946033288743804
