batch,image_id,pore_frac,silicon_frac,bse_bulk_texture,noise_mad,flagged
Batch_1,4ih2ggld,0.1134188695045083,0.1685765292972742,14.468419075012209,11.860799789428713,True
Batch_1,5n1q8atc,0.0815701949173451,0.1840064766839378,14.49899196624756,11.860799789428713,True
Batch_1,f1vzngrs,0.0800540007976664,0.0826226039740181,13.846169471740724,10.378199577331545,False
Batch_1,ffwubibz,0.0938338031806741,0.0486220558980953,12.991192817687988,10.378199577331545,False
Batch_1,fzrt2k6r,0.106069067706066,0.0683683278710429,13.756705284118652,10.378199577331545,False
Batch_1,iv6g2oq0,0.1116360745189203,0.0610109130827844,14.165584564208984,10.378199577331545,False
Batch_1,uhdslk0o,0.1044061765662571,0.0651007134757852,13.889559745788574,10.378199577331545,False
Batch_2,3806gxp0,0.1207664620535714,0.0605223911830357,13.387239456176758,10.378199577331545,False
Batch_2,avn74qx1,0.112709321197671,0.0446306085021074,13.275589942932127,10.378199577331545,False
Batch_2,b3esycq1,0.1078684733633713,0.0876896368937185,13.726635932922363,10.378199577331545,False
Batch_2,epqdaau9,0.0943749667464751,0.0675264032987496,14.179126739501951,10.378199577331545,False
Batch_2,i9jiqjwl,0.1012379912422096,0.0741065373524185,13.612262725830078,10.378199577331545,False
Batch_2,r17byphk,0.1245614010989011,0.0536144917582417,13.785239219665527,10.378199577331545,False
Batch_2,rxax5ozo,0.0995985078751036,0.0579398314451505,13.300626754760742,10.378199577331545,False
Batch_3,0grcilhi,0.1511283385889365,0.0653081252506718,13.208227157592772,8.895599365234375,False
Batch_3,71vgq3fw,0.0943976364953093,0.0726464842937094,9.763628959655762,7.413000106811523,False
Batch_3,9luzk4jm,0.1498730158730158,0.0611048166392994,10.008472442626951,7.413000106811523,False
Batch_3,cfe5vt7s,0.1078044642857142,0.0704334478021978,13.68904972076416,10.378199577331545,False
Batch_3,hawkfj64,0.1046382803121248,0.0490495948379351,12.734549522399902,8.895599365234375,False
Batch_3,hzumfsms,0.1638125342090859,0.0500843596059113,10.236157417297363,7.413000106811523,False
Batch_3,kbdh4tri,0.0940141470180305,0.0889733009708737,9.709256172180176,7.413000106811523,False
Batch_3,mgxahqnk,0.1079670618247299,0.0702135354141656,12.843369483947754,8.895599365234375,False
Batch_3,pl8uabbv,0.1167591172032193,0.0604774270623742,13.527060508728027,10.378199577331545,False
Batch_3,ptg8lmto,0.092946812323774,0.0559472870459693,13.17194938659668,8.895599365234375,False
Batch_3,tuy3zymq,0.0992352981969486,0.0929445908460471,9.462882995605469,7.413000106811523,False
Batch_3,ufdvpb81,0.1291456365870809,0.0573379780235668,9.77662754058838,7.413000106811523,False
Batch_3,utfgcjfa,0.1112205040072636,0.0593314997351346,13.136754989624023,10.378199577331545,False
Batch_3,vc2whyaq,0.110100973253156,0.0599798313271058,12.775035858154297,10.378199577331545,False
Batch_3,x77cy643,0.1101125898966306,0.0649085329776728,13.14944553375244,10.378199577331545,False
Batch_3,x7u69zsw,0.0918702671810258,0.0965873072019997,9.950145721435549,7.413000106811523,False
Batch_3,xgj4xftb,0.1071688014984061,0.0595902215027527,13.725370407104492,8.895599365234375,False
