feature,n_compared,nan_pattern_equal,max_abs_diff,max_rel_diff,match_1e-6
pore_frac,31,True,8.326672684688674e-17,1.040131986124471e-15,True
graphite_frac,31,True,0.0,0.0,True
silicon_frac,31,True,9.71445146547012e-17,1.6766447577028997e-15,True
si_share_of_solid,31,True,8.326672684688674e-17,1.4225170205546598e-15,True
si_per_mm2,31,True,3.637978807091713e-12,1.622621075829166e-16,True
si_d50_um,31,True,2.220446049250313e-16,2.0368390470701906e-16,True
si_d90_um,31,True,4.440892098500626e-16,2.306914136651257e-16,True
si_d99_um,31,True,8.881784197001252e-16,2.0548340201358153e-16,True
si_dmax_um,31,True,1.7763568394002505e-15,1.9136834049324321e-16,True
si_d50_area_um,31,True,8.881784197001252e-16,3.3578816406065447e-16,True
si_large_area_frac,31,True,5.551115123125783e-17,1.255439363355898e-16,True
si_solidity,31,True,1.1102230246251565e-16,1.2288254693813347e-16,True
si_aspect,31,True,1.1102230246251565e-15,7.814762777937166e-16,True
si_sv,31,True,8.881784197001252e-16,4.4377107433242884e-16,True
si_cracked_share,31,True,2.3635607360183997e-17,4.7980282941175817e-14,True
si_pore_dist_mean_um,31,True,2.220446049250313e-16,2.1857089473342633e-16,True
si_no_pore_share,31,True,8.326672684688674e-17,6.889913476350241e-16,True
si_clarkevans_R,31,True,1.1102230246251565e-16,1.5216549410532022e-16,True
ring_porosity_250nm,31,True,9.71445146547012e-17,1.7989613476463003e-15,True
ring_porosity_500nm,31,True,8.326672684688674e-17,4.98887926226487e-16,True
gr_chord_h_um,31,True,8.881784197001252e-16,2.1765981930858142e-16,True
gr_chord_v_um,31,True,4.440892098500626e-16,1.508791982716878e-16,True
gr_chord_ratio_hv,31,True,2.220446049250313e-16,2.017229721739976e-16,True
gr_sv,31,True,0.0,0.0,True
pore_thick_d10_um,31,True,9.71445146547012e-17,1.9429523431966168e-15,True
pore_thick_d50_um,31,True,8.326672684688674e-17,3.7238235140357507e-16,True
pore_thick_d90_um,31,True,1.1102230246251565e-16,1.2316623074894533e-16,True
large_gap_frac,31,True,9.71445146547012e-17,1.6624479347834892e-14,True
crack_frac,31,True,9.71445146547012e-17,4.70966381951508e-15,True
compact_pore_frac,31,True,9.020562075079397e-17,2.2550281909680343e-15,True
pores_per_mm2,31,True,2.9103830456733704e-11,1.8594319729451e-16,True
pore_chord_h_um,31,True,0.0,0.0,True
pore_chord_v_um,31,True,5.551115123125783e-17,1.1690292007933468e-16,True
pore_anisotropy,31,True,2.220446049250313e-16,1.9613005709344222e-16,True
pore_depth_cv,31,True,8.326672684688674e-17,1.064094126400929e-15,True
pore_depth_slope,31,True,2.2811613709095013e-16,3.623283481549001e-14,True
crack_len_density,31,True,9.71445146547012e-17,1.0798521333095377e-15,True
lineal_path_pore_um,31,True,0.0,0.0,True
corr_len_pore_um,31,True,1.1102230246251565e-16,1.2335957471813117e-16,True
corr_len_si_um,31,True,4.440892098500626e-16,2.277375542337137e-16,True
corr_len_gr_um,31,True,2.220446049250313e-16,2.2204208725392039e-16,True
pore_patchiness_cv,31,True,9.71445146547012e-17,3.5035099301825984e-15,True
si_patchiness_cv,31,True,8.326672684688674e-17,6.692170631466344e-16,True
bse_bulk_texture,31,True,1.7763568394002505e-15,1.8169423270197987e-16,True
inlens_edge_density,31,True,9.020562075079397e-17,2.8662510475726282e-15,True
inlens_bulk_texture,31,True,7.105427357601002e-15,1.7928917974069415e-16,True
etd_roughness,31,True,9.367506770274758e-17,3.709612924669987e-15,True
gr_st_coherence,31,True,9.71445146547012e-17,8.501545635810719e-16,True
gr_st_orient_deg,31,True,1.9073486328125e-06,1.3018046657720665e-07,True
tau_x,31,True,,,True
tau_y,31,True,,,True
pore_percolates_x,31,True,0.0,0.0,True
pore_percolates_y,31,True,0.0,0.0,True
pore_largest_cc_frac,31,True,9.367506770274758e-17,3.3365270222842666e-15,True
