batch,image_id,pore_same_shape,pore_pixel_agreement,pore_frac_new,pore_frac_committed,silicon_same_shape,silicon_pixel_agreement,silicon_frac_new,silicon_frac_committed,n_particles_new,n_particles_committed,labels_identical
Batch_1,4ih2ggld,True,1.0,0.11341886950450837,0.11341886950450837,True,1.0,0.16857652929727424,0.16857652929727424,2030,2030,True
Batch_1,5n1q8atc,True,1.0,0.08157019491734517,0.08157019491734517,True,1.0,0.18400647668393783,0.18400647668393783,1638,1638,True
Batch_1,f1vzngrs,True,1.0,0.08005400079766649,0.08005400079766649,True,1.0,0.0826226039740181,0.0826226039740181,422,422,True
Batch_1,ffwubibz,True,1.0,0.09383380318067416,0.09383380318067416,True,1.0,0.04862205589809533,0.04862205589809533,204,204,True
Batch_1,fzrt2k6r,True,1.0,0.10606906770606603,0.10606906770606603,True,1.0,0.06836832787104294,0.06836832787104294,350,350,True
Batch_1,iv6g2oq0,True,1.0,0.11163607451892031,0.11163607451892031,True,1.0,0.06101091308278445,0.06101091308278445,232,232,True
Batch_1,uhdslk0o,True,1.0,0.10440617656625718,0.10440617656625718,True,1.0,0.06510071347578529,0.06510071347578529,235,235,True
Batch_2,3806gxp0,True,1.0,0.12076646205357143,0.12076646205357143,True,1.0,0.06052239118303571,0.06052239118303571,233,233,True
Batch_2,avn74qx1,True,1.0,0.11270932119767109,0.11270932119767109,True,1.0,0.04463060850210744,0.04463060850210744,156,156,True
Batch_2,b3esycq1,True,1.0,0.10786847336337133,0.10786847336337133,True,1.0,0.08768963689371853,0.08768963689371853,390,390,True
Batch_2,epqdaau9,True,1.0,0.09437496674647512,0.09437496674647512,True,1.0,0.06752640329874966,0.06752640329874966,308,308,True
Batch_2,i9jiqjwl,True,1.0,0.10123799124220965,0.10123799124220965,True,1.0,0.07410653735241855,0.07410653735241855,478,478,True
Batch_2,r17byphk,True,1.0,0.1245614010989011,0.1245614010989011,True,1.0,0.05361449175824176,0.05361449175824176,400,400,True
Batch_2,rxax5ozo,True,1.0,0.09959850787510362,0.09959850787510362,True,1.0,0.057939831445150594,0.057939831445150594,270,270,True
Batch_3,0grcilhi,True,1.0,0.15112833858893657,0.15112833858893657,True,1.0,0.06530812525067187,0.06530812525067187,448,448,True
Batch_3,71vgq3fw,True,1.0,0.09439763649530934,0.09439763649530934,True,1.0,0.07264648429370944,0.07264648429370944,430,430,True
Batch_3,9luzk4jm,True,1.0,0.14987301587301588,0.14987301587301588,True,1.0,0.0611048166392994,0.0611048166392994,205,205,True
Batch_3,cfe5vt7s,True,1.0,0.10780446428571429,0.10780446428571429,True,1.0,0.0704334478021978,0.0704334478021978,327,327,True
Batch_3,hawkfj64,True,1.0,0.10463828031212485,0.10463828031212485,True,1.0,0.049049594837935175,0.049049594837935175,265,265,True
Batch_3,hzumfsms,True,1.0,0.16381253420908592,0.16381253420908592,True,1.0,0.05008435960591133,0.05008435960591133,192,192,True
Batch_3,kbdh4tri,True,1.0,0.09401414701803051,0.09401414701803051,True,1.0,0.08897330097087379,0.08897330097087379,857,857,True
Batch_3,mgxahqnk,True,1.0,0.1079670618247299,0.1079670618247299,True,1.0,0.07021353541416567,0.07021353541416567,219,219,True
Batch_3,pl8uabbv,True,1.0,0.11675911720321931,0.11675911720321931,True,1.0,0.060477427062374245,0.060477427062374245,333,333,True
Batch_3,ptg8lmto,True,1.0,0.09294681232377401,0.09294681232377401,True,1.0,0.055947287045969345,0.055947287045969345,220,220,True
Batch_3,tuy3zymq,True,1.0,0.09923529819694868,0.09923529819694868,True,1.0,0.09294459084604716,0.09294459084604716,1139,1139,True
Batch_3,ufdvpb81,True,1.0,0.12914563658708095,0.12914563658708095,True,1.0,0.057337978023566834,0.057337978023566834,283,283,True
Batch_3,utfgcjfa,True,1.0,0.11122050400726362,0.11122050400726362,True,1.0,0.05933149973513464,0.05933149973513464,223,223,True
Batch_3,vc2whyaq,True,1.0,0.11010097325315608,0.11010097325315608,True,1.0,0.05997983132710586,0.05997983132710586,190,190,True
Batch_3,x77cy643,True,1.0,0.11011258989663063,0.11011258989663063,True,1.0,0.0649085329776728,0.0649085329776728,203,203,True
Batch_3,x7u69zsw,True,1.0,0.09187026718102587,0.09187026718102587,True,1.0,0.09658730720199973,0.09658730720199973,573,573,True
Batch_3,xgj4xftb,True,1.0,0.10716880149840619,0.10716880149840619,True,1.0,0.05959022150275278,0.05959022150275278,239,239,True
