table,status,columns_differing
repeatability.csv,identical,
dropped_features.csv,identical,
baseline_stats.csv,identical,
baseline_stats_noflag.csv,identical,
deltas.csv,differs,ci_lo|ci_hi|mdd|p_holm
deltas_noflag.csv,differs,ci_lo|ci_hi|mdd|p_holm
deltas_dropped.csv,differs,ci_lo|ci_hi|mdd|p_holm
loo_predictions.csv,identical,
loo_predictions_allfeatures.csv,identical,
loo_predictions_safe.csv,identical,
loo_predictions_safe_noflag.csv,identical,
loo_confusion_allfeatures.csv,identical,
loo_confusion_safe.csv,identical,
loo_confusion_safe_noflag.csv,identical,
images_needed.csv,identical,
images_needed_safe.csv,identical,
loo_summary.csv,differs,overall_acc|B2_acc|B3_acc|false_alarm
