image_id,r_um,g,env_lo,env_hi
img_0grcilhi,0.25,1.8719,0.5724,1.5875
img_0grcilhi,0.75,4.7469,0.7354,1.3035
img_0grcilhi,1.25,3.1616,0.7492,1.2294
img_0grcilhi,1.75,2.6494,0.7842,1.2293
img_0grcilhi,2.25,1.9891,0.8314,1.1739
img_0grcilhi,2.75,1.7899,0.8284,1.1492
img_0grcilhi,3.25,1.5298,0.8623,1.1521
img_0grcilhi,3.75,1.5172,0.8633,1.1399
img_0grcilhi,4.25,1.3787,0.8717,1.137
img_0grcilhi,4.75,1.4898,0.8848,1.1239
img_0grcilhi,5.25,1.3335,0.874,1.1075
img_0grcilhi,5.75,1.2692,0.8609,1.1303
img_0grcilhi,6.25,1.3294,0.8732,1.1128
img_0grcilhi,6.75,1.3231,0.9032,1.1299
img_0grcilhi,7.25,1.1841,0.8894,1.122
img_0grcilhi,7.75,1.2394,0.8855,1.1112
img_0grcilhi,8.25,1.1806,0.8921,1.1096
img_0grcilhi,8.75,1.1475,0.9048,1.0796
img_0grcilhi,9.25,1.1267,0.9002,1.132
img_0grcilhi,9.75,1.1731,0.9005,1.1046
img_0grcilhi,10.25,1.0943,0.9111,1.0946
img_0grcilhi,10.75,1.1568,0.9162,1.112
img_0grcilhi,11.25,1.1158,0.9101,1.11
img_0grcilhi,11.75,1.0337,0.913,1.0835
img_0grcilhi,12.25,1.096,0.9114,1.0965
img_0grcilhi,12.75,1.0311,0.9104,1.0925
img_0grcilhi,13.25,0.9424,0.9068,1.1002
img_0grcilhi,13.75,0.9421,0.9263,1.0787
img_0grcilhi,14.25,1.0112,0.9193,1.096
img_0grcilhi,14.75,1.0643,0.9237,1.0885
img_3806gxp0,0.25,2.888,0.4126,1.6503
img_3806gxp0,0.75,4.7808,0.593,1.3791
img_3806gxp0,1.25,3.5546,0.6875,1.3226
img_3806gxp0,1.75,2.2857,0.7484,1.2946
img_3806gxp0,2.25,2.1046,0.7645,1.2277
img_3806gxp0,2.75,1.6826,0.808,1.2652
img_3806gxp0,3.25,1.4525,0.7656,1.216
img_3806gxp0,3.75,1.0274,0.8095,1.2249
img_3806gxp0,4.25,0.8548,0.8286,1.2211
img_3806gxp0,4.75,0.8884,0.8412,1.1875
img_3806gxp0,5.25,0.8237,0.838,1.1392
img_3806gxp0,5.75,0.7321,0.8583,1.1724
img_3806gxp0,6.25,0.8186,0.8549,1.1436
img_3806gxp0,6.75,0.811,0.8393,1.1651
img_3806gxp0,7.25,0.7713,0.8623,1.1301
img_3806gxp0,7.75,0.9016,0.8611,1.1852
img_3806gxp0,8.25,0.8289,0.8716,1.1409
img_3806gxp0,8.75,0.866,0.8745,1.1412
img_3806gxp0,9.25,0.8138,0.8837,1.1483
img_3806gxp0,9.75,0.9417,0.867,1.1369
img_3806gxp0,10.25,1.09,0.8766,1.1266
img_3806gxp0,10.75,1.0106,0.8644,1.1333
img_3806gxp0,11.25,1.0853,0.8877,1.12
img_3806gxp0,11.75,0.9872,0.8753,1.1459
img_3806gxp0,12.25,0.9877,0.8656,1.1246
img_3806gxp0,12.75,1.0829,0.8923,1.1108
img_3806gxp0,13.25,1.0585,0.887,1.1311
img_3806gxp0,13.75,1.0838,0.8894,1.1191
img_3806gxp0,14.25,0.8954,0.8921,1.117
img_3806gxp0,14.75,0.9366,0.8905,1.1198
img_4ih2ggld,0.25,3.0237,0.615,1.5375
img_4ih2ggld,0.75,4.3645,0.733,1.2993
img_4ih2ggld,1.25,2.6843,0.7738,1.2286
img_4ih2ggld,1.75,2.0473,0.8274,1.1382
img_4ih2ggld,2.25,1.7472,0.865,1.1348
img_4ih2ggld,2.75,1.5799,0.8606,1.1307
img_4ih2ggld,3.25,1.2853,0.8825,1.1391
img_4ih2ggld,3.75,1.2493,0.9013,1.1038
img_4ih2ggld,4.25,1.2438,0.8824,1.0995
img_4ih2ggld,4.75,1.1553,0.8788,1.0985
img_4ih2ggld,5.25,1.0342,0.9142,1.0861
img_4ih2ggld,5.75,1.175,0.8991,1.0918
img_4ih2ggld,6.25,1.2314,0.9029,1.0817
img_4ih2ggld,6.75,1.2248,0.9199,1.0883
img_4ih2ggld,7.25,1.1653,0.9044,1.0916
img_4ih2ggld,7.75,1.2091,0.9163,1.0941
img_4ih2ggld,8.25,1.1973,0.909,1.087
img_4ih2ggld,8.75,1.2235,0.9254,1.0744
img_4ih2ggld,9.25,1.2488,0.9255,1.0732
img_4ih2ggld,9.75,1.1983,0.9161,1.0821
img_4ih2ggld,10.25,1.1776,0.9182,1.0827
img_4ih2ggld,10.75,1.1793,0.9293,1.0664
img_4ih2ggld,11.25,1.1946,0.9262,1.083
img_4ih2ggld,11.75,1.2143,0.9152,1.0701
img_4ih2ggld,12.25,1.2435,0.9242,1.0804
img_4ih2ggld,12.75,1.2639,0.9158,1.0767
img_4ih2ggld,13.25,1.2353,0.9387,1.0847
img_4ih2ggld,13.75,1.2079,0.9272,1.0729
img_4ih2ggld,14.25,1.2004,0.9317,1.0835
img_4ih2ggld,14.75,1.1567,0.9366,1.0773
img_5n1q8atc,0.25,5.3952,0.415,1.7638
img_5n1q8atc,0.75,6.6034,0.6223,1.5558
img_5n1q8atc,1.25,4.467,0.7272,1.2892
img_5n1q8atc,1.75,2.9867,0.7797,1.2307
img_5n1q8atc,2.25,2.1829,0.7705,1.2457
img_5n1q8atc,2.75,2.0896,0.797,1.1964
img_5n1q8atc,3.25,1.7246,0.8244,1.1764
img_5n1q8atc,3.75,1.5028,0.8194,1.1936
img_5n1q8atc,4.25,1.4063,0.8509,1.1744
img_5n1q8atc,4.75,1.186,0.848,1.1573
img_5n1q8atc,5.25,1.1538,0.8387,1.1544
img_5n1q8atc,5.75,1.1416,0.8748,1.1177
img_5n1q8atc,6.25,1.1639,0.8806,1.1279
img_5n1q8atc,6.75,1.1116,0.8665,1.1252
img_5n1q8atc,7.25,1.1416,0.8542,1.1262
img_5n1q8atc,7.75,1.1975,0.8737,1.1567
img_5n1q8atc,8.25,1.2333,0.8909,1.1114
img_5n1q8atc,8.75,1.1857,0.9069,1.1123
img_5n1q8atc,9.25,1.1143,0.8889,1.1273
img_5n1q8atc,9.75,1.108,0.9003,1.1086
img_5n1q8atc,10.25,1.1623,0.8972,1.1131
img_5n1q8atc,10.75,1.3291,0.899,1.1118
img_5n1q8atc,11.25,1.2384,0.8983,1.1009
img_5n1q8atc,11.75,1.1957,0.8805,1.1092
img_5n1q8atc,12.25,1.3013,0.9051,1.1051
img_5n1q8atc,12.75,1.1362,0.8996,1.1044
img_5n1q8atc,13.25,1.1395,0.9133,1.104
img_5n1q8atc,13.75,1.1981,0.9037,1.1008
img_5n1q8atc,14.25,1.178,0.9027,1.099
img_5n1q8atc,14.75,1.1358,0.8966,1.0965
img_71vgq3fw,0.25,4.0406,0.0,2.357
img_71vgq3fw,0.75,10.2817,0.4422,1.7744
img_71vgq3fw,1.25,6.7101,0.5422,1.4945
img_71vgq3fw,1.75,5.1483,0.5445,1.438
img_71vgq3fw,2.25,3.9558,0.6862,1.4128
img_71vgq3fw,2.75,2.9173,0.6556,1.4111
img_71vgq3fw,3.25,2.1761,0.6961,1.2833
img_71vgq3fw,3.75,1.8129,0.7337,1.3486
img_71vgq3fw,4.25,1.3957,0.7415,1.266
img_71vgq3fw,4.75,1.2094,0.7217,1.3069
img_71vgq3fw,5.25,0.9715,0.7727,1.2594
img_71vgq3fw,5.75,0.9475,0.7834,1.2596
img_71vgq3fw,6.25,0.7317,0.7774,1.2499
img_71vgq3fw,6.75,0.7241,0.7809,1.2508
img_71vgq3fw,7.25,0.9135,0.7546,1.2318
img_71vgq3fw,7.75,0.7357,0.7873,1.2009
img_71vgq3fw,8.25,0.8625,0.7774,1.2147
img_71vgq3fw,8.75,0.864,0.7849,1.268
img_71vgq3fw,9.25,0.8729,0.8185,1.2183
img_71vgq3fw,9.75,1.2144,0.816,1.2353
img_71vgq3fw,10.25,0.8259,0.8259,1.1847
img_71vgq3fw,10.75,0.9035,0.7781,1.1918
img_71vgq3fw,11.25,0.8803,0.8335,1.193
img_71vgq3fw,11.75,0.9396,0.8219,1.2174
img_71vgq3fw,12.25,0.802,0.8016,1.2078
img_71vgq3fw,12.75,0.7782,0.8619,1.1715
img_71vgq3fw,13.25,0.8528,0.8434,1.2059
img_71vgq3fw,13.75,0.9842,0.8162,1.1931
img_71vgq3fw,14.25,0.9174,0.8076,1.1926
img_71vgq3fw,14.75,0.9652,0.8068,1.2219
img_9luzk4jm,0.25,4.1458,0.2439,1.951
img_9luzk4jm,0.75,11.8841,0.5398,1.6311
img_9luzk4jm,1.25,7.2833,0.5993,1.429
img_9luzk4jm,1.75,4.9115,0.6774,1.3583
img_9luzk4jm,2.25,4.0103,0.7157,1.3279
img_9luzk4jm,2.75,2.7346,0.7386,1.3247
img_9luzk4jm,3.25,2.0457,0.7387,1.27
img_9luzk4jm,3.75,1.5979,0.7981,1.24
img_9luzk4jm,4.25,1.5575,0.7715,1.238
img_9luzk4jm,4.75,1.3105,0.8068,1.2179
img_9luzk4jm,5.25,1.739,0.7729,1.2324
img_9luzk4jm,5.75,1.517,0.7909,1.2064
img_9luzk4jm,6.25,1.3794,0.7921,1.205
img_9luzk4jm,6.75,1.2094,0.7994,1.2003
img_9luzk4jm,7.25,1.0997,0.8404,1.1717
img_9luzk4jm,7.75,0.8362,0.7931,1.1605
img_9luzk4jm,8.25,0.7153,0.8033,1.1976
img_9luzk4jm,8.75,0.8274,0.8424,1.1722
img_9luzk4jm,9.25,0.7922,0.8285,1.1523
img_9luzk4jm,9.75,0.8513,0.8432,1.1545
img_9luzk4jm,10.25,0.7147,0.8623,1.1596
img_9luzk4jm,10.75,0.7608,0.845,1.178
img_9luzk4jm,11.25,0.669,0.8559,1.157
img_9luzk4jm,11.75,0.7054,0.8552,1.1575
img_9luzk4jm,12.25,0.5662,0.8289,1.1908
img_9luzk4jm,12.75,0.6428,0.8736,1.1561
img_9luzk4jm,13.25,0.5856,0.8535,1.1767
img_9luzk4jm,13.75,0.5832,0.8505,1.1349
img_9luzk4jm,14.25,0.6954,0.8666,1.1315
img_9luzk4jm,14.75,0.7398,0.8623,1.1636
img_avn74qx1,0.25,4.4803,0.1867,1.8668
img_avn74qx1,0.75,5.1058,0.5642,1.6389
img_avn74qx1,1.25,3.3059,0.6821,1.4079
img_avn74qx1,1.75,3.0565,0.6884,1.2956
img_avn74qx1,2.25,2.3353,0.7557,1.2552
img_avn74qx1,2.75,1.8799,0.7773,1.2482
img_avn74qx1,3.25,1.6628,0.778,1.2356
img_avn74qx1,3.75,1.4564,0.7931,1.2459
img_avn74qx1,4.25,1.6468,0.7993,1.2468
img_avn74qx1,4.75,1.4374,0.8033,1.1864
img_avn74qx1,5.25,1.5177,0.7778,1.1991
img_avn74qx1,5.75,1.4133,0.8034,1.2026
img_avn74qx1,6.25,1.3377,0.7976,1.1553
img_avn74qx1,6.75,1.4535,0.8161,1.1737
img_avn74qx1,7.25,1.5546,0.8429,1.1737
img_avn74qx1,7.75,1.6458,0.8326,1.1435
img_avn74qx1,8.25,1.4125,0.8462,1.172
img_avn74qx1,8.75,1.2593,0.8442,1.1424
img_avn74qx1,9.25,1.3731,0.8595,1.1377
img_avn74qx1,9.75,1.2945,0.834,1.1417
img_avn74qx1,10.25,1.3757,0.8467,1.1653
img_avn74qx1,10.75,1.2381,0.8669,1.1443
img_avn74qx1,11.25,1.2718,0.8657,1.1316
img_avn74qx1,11.75,1.3065,0.8643,1.1416
img_avn74qx1,12.25,1.3543,0.8646,1.143
img_avn74qx1,12.75,1.2478,0.8699,1.1074
img_avn74qx1,13.25,1.2594,0.8573,1.1315
img_avn74qx1,13.75,1.2103,0.8739,1.1414
img_avn74qx1,14.25,1.2846,0.8756,1.1292
img_avn74qx1,14.75,1.3693,0.8788,1.1367
img_b3esycq1,0.25,3.066,0.438,1.752
img_b3esycq1,0.75,5.2445,0.5342,1.4568
img_b3esycq1,1.25,3.5375,0.688,1.3491
img_b3esycq1,1.75,2.59,0.7706,1.3068
img_b3esycq1,2.25,2.5294,0.737,1.2404
img_b3esycq1,2.75,1.9938,0.7661,1.2555
img_b3esycq1,3.25,1.5547,0.7879,1.2137
img_b3esycq1,3.75,1.4128,0.8121,1.1999
img_b3esycq1,4.25,1.2323,0.8404,1.1874
img_b3esycq1,4.75,1.0729,0.8513,1.1957
img_b3esycq1,5.25,1.0497,0.8383,1.186
img_b3esycq1,5.75,0.9172,0.8412,1.1916
img_b3esycq1,6.25,0.9073,0.862,1.139
img_b3esycq1,6.75,0.9595,0.8582,1.1562
img_b3esycq1,7.25,0.9597,0.8471,1.1449
img_b3esycq1,7.75,0.9161,0.8573,1.1289
img_b3esycq1,8.25,0.8131,0.8838,1.1365
img_b3esycq1,8.75,0.9235,0.8616,1.1472
img_b3esycq1,9.25,0.8511,0.8825,1.1408
img_b3esycq1,9.75,0.996,0.8905,1.136
img_b3esycq1,10.25,0.8906,0.8739,1.1373
img_b3esycq1,10.75,0.9487,0.8689,1.1396
img_b3esycq1,11.25,0.9215,0.8865,1.1239
img_b3esycq1,11.75,0.945,0.8741,1.1128
img_b3esycq1,12.25,1.0378,0.878,1.139
img_b3esycq1,12.75,1.018,0.8518,1.1452
img_b3esycq1,13.25,0.963,0.8812,1.1172
img_b3esycq1,13.75,0.9386,0.8854,1.1239
img_b3esycq1,14.25,0.9034,0.89,1.1296
img_b3esycq1,14.75,0.943,0.8987,1.1389
img_cfe5vt7s,0.25,3.2097,0.4427,1.7709
img_cfe5vt7s,0.75,7.1864,0.6754,1.3564
img_cfe5vt7s,1.25,5.2289,0.6972,1.3491
img_cfe5vt7s,1.75,3.9331,0.7767,1.2568
img_cfe5vt7s,2.25,3.1629,0.758,1.2416
img_cfe5vt7s,2.75,2.5793,0.8054,1.1759
img_cfe5vt7s,3.25,1.9946,0.8181,1.2225
img_cfe5vt7s,3.75,2.0408,0.8418,1.1585
img_cfe5vt7s,4.25,1.6976,0.8084,1.1847
img_cfe5vt7s,4.75,1.4869,0.8438,1.1821
img_cfe5vt7s,5.25,1.3145,0.8465,1.1375
img_cfe5vt7s,5.75,1.2351,0.8578,1.1431
img_cfe5vt7s,6.25,1.0764,0.8699,1.142
img_cfe5vt7s,6.75,1.1967,0.8727,1.1265
img_cfe5vt7s,7.25,1.081,0.8762,1.1257
img_cfe5vt7s,7.75,1.0991,0.8723,1.1339
img_cfe5vt7s,8.25,1.0574,0.877,1.1417
img_cfe5vt7s,8.75,1.0851,0.8618,1.1081
img_cfe5vt7s,9.25,1.0758,0.8813,1.1301
img_cfe5vt7s,9.75,1.0021,0.8736,1.1409
img_cfe5vt7s,10.25,0.9725,0.8758,1.1191
img_cfe5vt7s,10.75,1.0187,0.8849,1.1176
img_cfe5vt7s,11.25,1.0627,0.8947,1.1178
img_cfe5vt7s,11.75,1.0369,0.8779,1.1389
img_cfe5vt7s,12.25,0.9445,0.8952,1.1226
img_cfe5vt7s,12.75,0.9632,0.8849,1.1028
img_cfe5vt7s,13.25,1.1085,0.8921,1.122
img_cfe5vt7s,13.75,1.03,0.9028,1.1174
img_cfe5vt7s,14.25,0.9808,0.901,1.1017
img_cfe5vt7s,14.75,1.0798,0.886,1.0978
img_epqdaau9,0.25,3.6974,0.5909,1.5846
img_epqdaau9,0.75,5.4,0.7344,1.2744
img_epqdaau9,1.25,3.6827,0.7831,1.2238
img_epqdaau9,1.75,2.8372,0.7956,1.1982
img_epqdaau9,2.25,1.839,0.8366,1.1836
img_epqdaau9,2.75,1.65,0.8616,1.1636
img_epqdaau9,3.25,1.4153,0.8547,1.1407
img_epqdaau9,3.75,1.1969,0.8846,1.1098
img_epqdaau9,4.25,1.2202,0.8733,1.1194
img_epqdaau9,4.75,1.1639,0.8942,1.1048
img_epqdaau9,5.25,0.9568,0.8894,1.1052
img_epqdaau9,5.75,0.913,0.8728,1.1111
img_epqdaau9,6.25,0.9516,0.8969,1.116
img_epqdaau9,6.75,0.9612,0.8943,1.1219
img_epqdaau9,7.25,0.9338,0.8862,1.1011
img_epqdaau9,7.75,0.8775,0.8942,1.1146
img_epqdaau9,8.25,0.9548,0.9007,1.1042
img_epqdaau9,8.75,0.9628,0.911,1.0897
img_epqdaau9,9.25,0.9373,0.9188,1.101
img_epqdaau9,9.75,0.8886,0.912,1.0928
img_epqdaau9,10.25,0.9552,0.9024,1.0995
img_epqdaau9,10.75,0.9354,0.9096,1.0984
img_epqdaau9,11.25,0.9544,0.9075,1.0934
img_epqdaau9,11.75,1.0325,0.9053,1.0862
img_epqdaau9,12.25,1.0444,0.9187,1.0854
img_epqdaau9,12.75,1.1109,0.9194,1.075
img_epqdaau9,13.25,1.1309,0.9198,1.0746
img_epqdaau9,13.75,1.1676,0.92,1.0871
img_epqdaau9,14.25,1.1297,0.9182,1.0864
img_epqdaau9,14.75,1.0496,0.9133,1.0853
img_f1vzngrs,0.25,3.3336,0.463,1.5742
img_f1vzngrs,0.75,5.094,0.7277,1.366
img_f1vzngrs,1.25,3.5105,0.7801,1.2268
img_f1vzngrs,1.75,3.0684,0.7868,1.2498
img_f1vzngrs,2.25,2.5187,0.8144,1.2064
img_f1vzngrs,2.75,2.0856,0.8614,1.1557
img_f1vzngrs,3.25,2.0421,0.8413,1.1916
img_f1vzngrs,3.75,1.7812,0.8313,1.1529
img_f1vzngrs,4.25,1.7761,0.8622,1.1496
img_f1vzngrs,4.75,1.7594,0.8589,1.1608
img_f1vzngrs,5.25,1.4624,0.8719,1.1512
img_f1vzngrs,5.75,1.3969,0.8438,1.1489
img_f1vzngrs,6.25,1.3425,0.8696,1.1544
img_f1vzngrs,6.75,1.1916,0.8944,1.1205
img_f1vzngrs,7.25,1.0922,0.9031,1.0993
img_f1vzngrs,7.75,1.1798,0.8822,1.1268
img_f1vzngrs,8.25,1.1386,0.8935,1.12
img_f1vzngrs,8.75,1.2295,0.8857,1.1277
img_f1vzngrs,9.25,1.1259,0.901,1.1494
img_f1vzngrs,9.75,0.9498,0.8944,1.1096
img_f1vzngrs,10.25,1.0773,0.8885,1.0987
img_f1vzngrs,10.75,1.0309,0.9064,1.102
img_f1vzngrs,11.25,0.9918,0.886,1.1125
img_f1vzngrs,11.75,0.9961,0.8941,1.1073
img_f1vzngrs,12.25,0.9702,0.8963,1.0876
img_f1vzngrs,12.75,1.0121,0.8919,1.0965
img_f1vzngrs,13.25,1.0147,0.9063,1.093
img_f1vzngrs,13.75,1.1085,0.9148,1.1023
img_f1vzngrs,14.25,1.0434,0.9022,1.1111
img_f1vzngrs,14.75,1.0115,0.9054,1.0952
img_ffwubibz,0.25,4.9485,0.0,2.1208
img_ffwubibz,0.75,8.7008,0.3667,1.7402
img_ffwubibz,1.25,5.4368,0.5213,1.7129
img_ffwubibz,1.75,3.8541,0.5971,1.4656
img_ffwubibz,2.25,3.1669,0.5991,1.3737
img_ffwubibz,2.75,2.2933,0.6602,1.3916
img_ffwubibz,3.25,1.4765,0.7087,1.3023
img_ffwubibz,3.75,1.1509,0.7049,1.334
img_ffwubibz,4.25,1.2392,0.7114,1.2851
img_ffwubibz,4.75,1.1641,0.7276,1.2899
img_ffwubibz,5.25,0.9521,0.7417,1.2577
img_ffwubibz,5.75,0.8603,0.7725,1.3002
img_ffwubibz,6.25,1.0178,0.7908,1.2771
img_ffwubibz,6.75,0.8276,0.7223,1.2662
img_ffwubibz,7.25,0.8512,0.7802,1.2484
img_ffwubibz,7.75,0.8034,0.7633,1.2735
img_ffwubibz,8.25,0.7579,0.7836,1.2467
img_ffwubibz,8.75,0.7614,0.7856,1.2225
img_ffwubibz,9.25,0.7034,0.7835,1.2223
img_ffwubibz,9.75,0.9879,0.8112,1.208
img_ffwubibz,10.25,0.5794,0.8111,1.2225
img_ffwubibz,10.75,0.7729,0.7923,1.1904
img_ffwubibz,11.25,0.6727,0.8206,1.207
img_ffwubibz,11.75,0.946,0.8022,1.195
img_ffwubibz,12.25,0.8065,0.8338,1.2148
img_ffwubibz,12.75,0.809,0.7992,1.2006
img_ffwubibz,13.25,0.7463,0.8071,1.1893
img_ffwubibz,13.75,0.9505,0.8243,1.1696
img_ffwubibz,14.25,0.8513,0.835,1.1964
img_ffwubibz,14.75,0.9493,0.8363,1.1991
img_fzrt2k6r,0.25,2.3665,0.2151,1.9362
img_fzrt2k6r,0.75,6.7532,0.4404,1.4681
img_fzrt2k6r,1.25,4.4839,0.5979,1.4114
img_fzrt2k6r,1.75,3.1934,0.664,1.3279
img_fzrt2k6r,2.25,2.4351,0.7062,1.315
img_fzrt2k6r,2.75,2.0628,0.726,1.2549
img_fzrt2k6r,3.25,1.6361,0.775,1.2753
img_fzrt2k6r,3.75,1.8854,0.7754,1.2772
img_fzrt2k6r,4.25,1.2986,0.7818,1.2204
img_fzrt2k6r,4.75,1.334,0.7691,1.1903
img_fzrt2k6r,5.25,1.0566,0.8139,1.1909
img_fzrt2k6r,5.75,1.1917,0.7974,1.1917
img_fzrt2k6r,6.25,1.014,0.815,1.1955
img_fzrt2k6r,6.75,0.9374,0.8314,1.1749
img_fzrt2k6r,7.25,0.8841,0.8345,1.1902
img_fzrt2k6r,7.75,0.7789,0.8418,1.188
img_fzrt2k6r,8.25,0.9299,0.827,1.1645
img_fzrt2k6r,8.75,0.8451,0.8521,1.1733
img_fzrt2k6r,9.25,0.8926,0.8381,1.1833
img_fzrt2k6r,9.75,0.8839,0.8513,1.1658
img_fzrt2k6r,10.25,0.9024,0.8341,1.1496
img_fzrt2k6r,10.75,1.009,0.8506,1.1909
img_fzrt2k6r,11.25,1.0088,0.8477,1.1578
img_fzrt2k6r,11.75,1.0643,0.83,1.1757
img_fzrt2k6r,12.25,1.1314,0.8686,1.1641
img_fzrt2k6r,12.75,1.0332,0.8616,1.1687
img_fzrt2k6r,13.25,1.0174,0.8367,1.1429
img_fzrt2k6r,13.75,1.3242,0.8691,1.1416
img_fzrt2k6r,14.25,1.12,0.8706,1.1588
img_fzrt2k6r,14.75,1.1826,0.8474,1.1363
img_hawkfj64,0.25,3.1216,0.1951,1.951
img_hawkfj64,0.75,5.4653,0.5144,1.5431
img_hawkfj64,1.25,3.866,0.6619,1.4078
img_hawkfj64,1.75,2.8138,0.6965,1.3665
img_hawkfj64,2.25,2.3632,0.6677,1.2942
img_hawkfj64,2.75,1.4391,0.7651,1.2934
img_hawkfj64,3.25,1.5804,0.7659,1.2056
img_hawkfj64,3.75,1.1937,0.7913,1.2742
img_hawkfj64,4.25,1.1306,0.7525,1.2412
img_hawkfj64,4.75,0.7064,0.8037,1.251
img_hawkfj64,5.25,0.9353,0.8265,1.212
img_hawkfj64,5.75,0.8357,0.8262,1.2172
img_hawkfj64,6.25,0.785,0.8106,1.1776
img_hawkfj64,6.75,0.7693,0.8406,1.1816
img_hawkfj64,7.25,0.7261,0.8365,1.1562
img_hawkfj64,7.75,0.8078,0.8428,1.1652
img_hawkfj64,8.25,0.7051,0.8391,1.1691
img_hawkfj64,8.75,0.6527,0.8488,1.1412
img_hawkfj64,9.25,0.718,0.8462,1.154
img_hawkfj64,9.75,0.7624,0.8442,1.1916
img_hawkfj64,10.25,0.7936,0.8436,1.1658
img_hawkfj64,10.75,0.8802,0.8424,1.1456
img_hawkfj64,11.25,0.7696,0.8578,1.1599
img_hawkfj64,11.75,0.9413,0.8559,1.1418
img_hawkfj64,12.25,0.8593,0.8494,1.1506
img_hawkfj64,12.75,0.9955,0.8524,1.1489
img_hawkfj64,13.25,0.8851,0.8572,1.1479
img_hawkfj64,13.75,0.938,0.8646,1.1197
img_hawkfj64,14.25,0.8225,0.8531,1.129
img_hawkfj64,14.75,0.9229,0.8716,1.1325
img_hzumfsms,0.25,4.9667,0.0,2.3178
img_hzumfsms,0.75,7.2506,0.4462,1.7903
img_hzumfsms,1.25,5.3165,0.535,1.5512
img_hzumfsms,1.75,3.6595,0.5934,1.4836
img_hzumfsms,2.25,2.282,0.6575,1.3537
img_hzumfsms,2.75,2.2667,0.6296,1.3868
img_hzumfsms,3.25,1.9228,0.6771,1.2999
img_hzumfsms,3.75,1.1816,0.7326,1.2785
img_hzumfsms,4.25,1.3964,0.7065,1.2516
img_hzumfsms,4.75,1.4746,0.7373,1.2667
img_hzumfsms,5.25,1.3031,0.7536,1.2697
img_hzumfsms,5.75,1.166,0.7563,1.2298
img_hzumfsms,6.25,0.9564,0.7946,1.2507
img_hzumfsms,6.75,1.2795,0.7913,1.2378
img_hzumfsms,7.25,1.2047,0.8032,1.1795
img_hzumfsms,7.75,1.0049,0.8088,1.2138
img_hzumfsms,8.25,0.7966,0.808,1.2074
img_hzumfsms,8.75,0.9193,0.7858,1.2073
img_hzumfsms,9.25,0.905,0.8006,1.2141
img_hzumfsms,9.75,0.7583,0.7777,1.2177
img_hzumfsms,10.25,0.7193,0.796,1.1993
img_hzumfsms,10.75,0.8713,0.8152,1.224
img_hzumfsms,11.25,0.7711,0.8249,1.1576
img_hzumfsms,11.75,0.8497,0.7978,1.1939
img_hzumfsms,12.25,0.6765,0.8431,1.17
img_hzumfsms,12.75,0.8744,0.8419,1.2032
img_hzumfsms,13.25,0.8454,0.8213,1.1772
img_hzumfsms,13.75,0.6727,0.818,1.1849
img_hzumfsms,14.25,0.9076,0.8101,1.1926
img_hzumfsms,14.75,0.7738,0.8311,1.19
img_i9jiqjwl,0.25,3.3338,0.3847,1.6797
img_i9jiqjwl,0.75,8.297,0.6019,1.4638
img_i9jiqjwl,1.25,5.9292,0.7147,1.3764
img_i9jiqjwl,1.75,4.3987,0.7731,1.2658
img_i9jiqjwl,2.25,3.8398,0.7446,1.2417
img_i9jiqjwl,2.75,3.1356,0.8138,1.1974
img_i9jiqjwl,3.25,2.9116,0.803,1.221
img_i9jiqjwl,3.75,2.4101,0.8093,1.178
img_i9jiqjwl,4.25,2.0922,0.8592,1.1596
img_i9jiqjwl,4.75,1.7756,0.8475,1.1502
img_i9jiqjwl,5.25,1.6586,0.8388,1.1541
img_i9jiqjwl,5.75,1.545,0.8476,1.1636
img_i9jiqjwl,6.25,1.358,0.8731,1.1498
img_i9jiqjwl,6.75,1.3596,0.8714,1.1341
img_i9jiqjwl,7.25,1.2439,0.885,1.1559
img_i9jiqjwl,7.75,1.1469,0.8716,1.1424
img_i9jiqjwl,8.25,1.3149,0.8747,1.1346
img_i9jiqjwl,8.75,1.2839,0.8573,1.1542
img_i9jiqjwl,9.25,1.1973,0.8774,1.1296
img_i9jiqjwl,9.75,1.1429,0.8904,1.1123
img_i9jiqjwl,10.25,1.1161,0.8621,1.1499
img_i9jiqjwl,10.75,1.1906,0.8875,1.1307
img_i9jiqjwl,11.25,1.028,0.8655,1.1161
img_i9jiqjwl,11.75,1.0286,0.8702,1.1144
img_i9jiqjwl,12.25,0.9913,0.8929,1.1179
img_i9jiqjwl,12.75,1.0257,0.894,1.1269
img_i9jiqjwl,13.25,0.9506,0.8909,1.1052
img_i9jiqjwl,13.75,1.0044,0.8857,1.1175
img_i9jiqjwl,14.25,1.0633,0.8941,1.1087
img_i9jiqjwl,14.75,0.9216,0.8941,1.1049
img_iv6g2oq0,0.25,1.7048,0.31,1.8598
img_iv6g2oq0,0.75,5.1165,0.596,1.5268
img_iv6g2oq0,1.25,4.1157,0.6415,1.3183
img_iv6g2oq0,1.75,2.8048,0.6835,1.3199
img_iv6g2oq0,2.25,1.9975,0.728,1.3068
img_iv6g2oq0,2.75,1.787,0.7744,1.236
img_iv6g2oq0,3.25,1.3251,0.7658,1.2218
img_iv6g2oq0,3.75,1.067,0.7969,1.2018
img_iv6g2oq0,4.25,1.1733,0.8023,1.235
img_iv6g2oq0,4.75,1.0788,0.8228,1.226
img_iv6g2oq0,5.25,0.8967,0.8211,1.1794
img_iv6g2oq0,5.75,1.0997,0.8015,1.184
img_iv6g2oq0,6.25,1.0848,0.8379,1.1552
img_iv6g2oq0,6.75,0.9294,0.8431,1.169
img_iv6g2oq0,7.25,0.9698,0.8447,1.1638
img_iv6g2oq0,7.75,0.89,0.8484,1.1322
img_iv6g2oq0,8.25,0.8857,0.8574,1.1494
img_iv6g2oq0,8.75,0.9251,0.8717,1.1543
img_iv6g2oq0,9.25,0.9818,0.855,1.1594
img_iv6g2oq0,9.75,0.933,0.8695,1.1533
img_iv6g2oq0,10.25,0.9074,0.8787,1.1413
img_iv6g2oq0,10.75,0.8087,0.8627,1.1254
img_iv6g2oq0,11.25,0.7854,0.8765,1.1286
img_iv6g2oq0,11.75,0.7995,0.8664,1.1193
img_iv6g2oq0,12.25,0.8057,0.8668,1.1331
img_iv6g2oq0,12.75,0.9111,0.8582,1.1431
img_iv6g2oq0,13.25,1.0,0.8604,1.1395
img_iv6g2oq0,13.75,0.8374,0.8753,1.1411
img_iv6g2oq0,14.25,0.9132,0.8831,1.1232
img_iv6g2oq0,14.75,0.9362,0.8894,1.1158
img_kbdh4tri,0.25,5.3613,0.0,2.2076
img_kbdh4tri,0.75,7.3741,0.5051,1.6162
img_kbdh4tri,1.25,5.7466,0.5165,1.4851
img_kbdh4tri,1.75,3.9345,0.6139,1.4221
img_kbdh4tri,2.25,2.3764,0.6563,1.3911
img_kbdh4tri,2.75,2.0951,0.6984,1.336
img_kbdh4tri,3.25,1.5449,0.7318,1.3105
img_kbdh4tri,3.75,1.2986,0.7389,1.2773
img_kbdh4tri,4.25,1.2987,0.7383,1.2787
img_kbdh4tri,4.75,0.9392,0.7586,1.2833
img_kbdh4tri,5.25,1.0254,0.7641,1.2377
img_kbdh4tri,5.75,0.8435,0.7208,1.2882
img_kbdh4tri,6.25,0.5245,0.7939,1.2213
img_kbdh4tri,6.75,0.8085,0.7946,1.2333
img_kbdh4tri,7.25,0.4687,0.8258,1.2224
img_kbdh4tri,7.75,0.845,0.8329,1.2155
img_kbdh4tri,8.25,0.7686,0.7906,1.2083
img_kbdh4tri,8.75,0.8777,0.7936,1.2022
img_kbdh4tri,9.25,1.1019,0.8104,1.1825
img_kbdh4tri,9.75,1.0451,0.8171,1.2066
img_kbdh4tri,10.25,1.0188,0.8326,1.1767
img_kbdh4tri,10.75,1.1527,0.8267,1.1972
img_kbdh4tri,11.25,1.0479,0.8434,1.1846
img_kbdh4tri,11.75,1.1797,0.8249,1.1718
img_kbdh4tri,12.25,1.0473,0.8459,1.1842
img_kbdh4tri,12.75,1.1171,0.8433,1.2034
img_kbdh4tri,13.25,1.2505,0.8333,1.1675
img_kbdh4tri,13.75,1.0903,0.8296,1.1574
img_kbdh4tri,14.25,1.0457,0.8362,1.1543
img_kbdh4tri,14.75,1.1925,0.8434,1.159
img_mgxahqnk,0.25,2.4455,0.4509,1.8341
img_mgxahqnk,0.75,4.5631,0.6084,1.4729
img_mgxahqnk,1.25,3.7073,0.6598,1.351
img_mgxahqnk,1.75,3.028,0.7114,1.2925
img_mgxahqnk,2.25,2.4095,0.7554,1.2505
img_mgxahqnk,2.75,2.2192,0.7738,1.3001
img_mgxahqnk,3.25,1.9819,0.7928,1.1892
img_mgxahqnk,3.75,1.7162,0.8136,1.2057
img_mgxahqnk,4.25,1.4975,0.8294,1.2119
img_mgxahqnk,4.75,1.5986,0.829,1.1802
img_mgxahqnk,5.25,1.3199,0.8378,1.1938
img_mgxahqnk,5.75,1.1159,0.8329,1.1746
img_mgxahqnk,6.25,1.1695,0.8159,1.163
img_mgxahqnk,6.75,0.916,0.8588,1.1753
img_mgxahqnk,7.25,0.9899,0.8447,1.1818
img_mgxahqnk,7.75,0.8374,0.8706,1.1466
img_mgxahqnk,8.25,0.8855,0.8375,1.1415
img_mgxahqnk,8.75,0.9154,0.8491,1.1432
img_mgxahqnk,9.25,0.9008,0.8718,1.1721
img_mgxahqnk,9.75,0.9005,0.8625,1.1551
img_mgxahqnk,10.25,0.964,0.847,1.1516
img_mgxahqnk,10.75,0.89,0.8766,1.1541
img_mgxahqnk,11.25,0.8206,0.845,1.1438
img_mgxahqnk,11.75,0.8976,0.8615,1.1262
img_mgxahqnk,12.25,0.9527,0.8707,1.1362
img_mgxahqnk,12.75,0.9162,0.8779,1.1484
img_mgxahqnk,13.25,1.0024,0.8807,1.1356
img_mgxahqnk,13.75,0.7885,0.8853,1.1188
img_mgxahqnk,14.25,0.9427,0.8834,1.1237
img_mgxahqnk,14.75,0.9376,0.8729,1.1207
img_pl8uabbv,0.25,3.6833,0.4093,1.7444
img_pl8uabbv,0.75,7.0536,0.6815,1.4669
img_pl8uabbv,1.25,4.9534,0.7595,1.3391
img_pl8uabbv,1.75,3.7281,0.785,1.2335
img_pl8uabbv,2.25,3.6366,0.8056,1.2199
img_pl8uabbv,2.75,3.039,0.8258,1.1881
img_pl8uabbv,3.25,2.3144,0.8306,1.21
img_pl8uabbv,3.75,2.172,0.835,1.1834
img_pl8uabbv,4.25,2.1097,0.8476,1.1559
img_pl8uabbv,4.75,1.811,0.8519,1.1343
img_pl8uabbv,5.25,1.7247,0.867,1.1449
img_pl8uabbv,5.75,1.6871,0.8623,1.1421
img_pl8uabbv,6.25,1.4495,0.889,1.1213
img_pl8uabbv,6.75,1.4234,0.8868,1.1267
img_pl8uabbv,7.25,1.3426,0.8974,1.1124
img_pl8uabbv,7.75,1.2848,0.8707,1.1266
img_pl8uabbv,8.25,1.2621,0.8953,1.1253
img_pl8uabbv,8.75,1.3381,0.8802,1.1051
img_pl8uabbv,9.25,1.3838,0.8827,1.1195
img_pl8uabbv,9.75,1.3673,0.8877,1.116
img_pl8uabbv,10.25,1.4088,0.8936,1.1101
img_pl8uabbv,10.75,1.2649,0.8931,1.1089
img_pl8uabbv,11.25,1.2677,0.9091,1.1153
img_pl8uabbv,11.75,1.3191,0.897,1.0988
img_pl8uabbv,12.25,1.2976,0.9095,1.1016
img_pl8uabbv,12.75,1.1195,0.8886,1.1172
img_pl8uabbv,13.25,1.1861,0.8906,1.108
img_pl8uabbv,13.75,1.0845,0.8884,1.1294
img_pl8uabbv,14.25,1.0614,0.9085,1.0948
img_pl8uabbv,14.75,0.9668,0.8902,1.0965
img_ptg8lmto,0.25,3.0532,0.3592,1.9756
img_ptg8lmto,0.75,4.9192,0.5148,1.6016
img_ptg8lmto,1.25,3.7973,0.6448,1.3971
img_ptg8lmto,1.75,2.9063,0.6869,1.2973
img_ptg8lmto,2.25,2.1585,0.7461,1.3076
img_ptg8lmto,2.75,2.0229,0.7543,1.2866
img_ptg8lmto,3.25,1.252,0.7757,1.2384
img_ptg8lmto,3.75,1.2227,0.7593,1.2104
img_ptg8lmto,4.25,1.0593,0.7745,1.2302
img_ptg8lmto,4.75,1.0828,0.8021,1.1936
img_ptg8lmto,5.25,1.0409,0.7971,1.2102
img_ptg8lmto,5.75,0.7728,0.8418,1.2156
img_ptg8lmto,6.25,1.013,0.8281,1.1665
img_ptg8lmto,6.75,1.0447,0.8324,1.181
img_ptg8lmto,7.25,0.9501,0.8221,1.1699
img_ptg8lmto,7.75,0.9397,0.8323,1.1883
img_ptg8lmto,8.25,0.9741,0.8401,1.1588
img_ptg8lmto,8.75,0.8875,0.8691,1.1604
img_ptg8lmto,9.25,0.824,0.8577,1.1736
img_ptg8lmto,9.75,0.7927,0.8594,1.1778
img_ptg8lmto,10.25,0.7437,0.8656,1.1211
img_ptg8lmto,10.75,0.8384,0.8486,1.1646
img_ptg8lmto,11.25,0.7891,0.8738,1.1387
img_ptg8lmto,11.75,0.8295,0.878,1.1759
img_ptg8lmto,12.25,0.8344,0.8529,1.1344
img_ptg8lmto,12.75,0.8539,0.8578,1.1298
img_ptg8lmto,13.25,0.8949,0.8587,1.1287
img_ptg8lmto,13.75,0.8881,0.8483,1.1375
img_ptg8lmto,14.25,0.8888,0.8716,1.1485
img_ptg8lmto,14.75,0.8789,0.8704,1.1361
img_r17byphk,0.25,4.5117,0.4859,1.5999
img_r17byphk,0.75,8.7983,0.6903,1.3603
img_r17byphk,1.25,6.1164,0.779,1.2694
img_r17byphk,1.75,4.882,0.8114,1.2133
img_r17byphk,2.25,3.9412,0.8341,1.2006
img_r17byphk,2.75,3.3178,0.863,1.1506
img_r17byphk,3.25,2.9271,0.8576,1.1434
img_r17byphk,3.75,2.4628,0.8705,1.1571
img_r17byphk,4.25,2.158,0.8826,1.1341
img_r17byphk,4.75,2.0767,0.8537,1.1227
img_r17byphk,5.25,1.8924,0.8874,1.1172
img_r17byphk,5.75,1.7482,0.8869,1.1078
img_r17byphk,6.25,1.6002,0.8968,1.1129
img_r17byphk,6.75,1.6122,0.8957,1.1079
img_r17byphk,7.25,1.5173,0.907,1.1088
img_r17byphk,7.75,1.6396,0.897,1.1138
img_r17byphk,8.25,1.6794,0.8994,1.107
img_r17byphk,8.75,1.6438,0.9038,1.1169
img_r17byphk,9.25,1.6511,0.8927,1.0958
img_r17byphk,9.75,1.66,0.9174,1.1069
img_r17byphk,10.25,1.6479,0.9021,1.0818
img_r17byphk,10.75,1.6005,0.9218,1.1012
img_r17byphk,11.25,1.5822,0.9167,1.0935
img_r17byphk,11.75,1.5186,0.9107,1.0916
img_r17byphk,12.25,1.5325,0.9083,1.0871
img_r17byphk,12.75,1.4183,0.9052,1.0839
img_r17byphk,13.25,1.5153,0.9263,1.0919
img_r17byphk,13.75,1.4369,0.9237,1.0815
img_r17byphk,14.25,1.3796,0.9212,1.0977
img_r17byphk,14.75,1.3282,0.9191,1.0789
img_rxax5ozo,0.25,2.524,0.2657,1.8598
img_rxax5ozo,0.75,6.2173,0.5987,1.4277
img_rxax5ozo,1.25,3.6654,0.6689,1.3377
img_rxax5ozo,1.75,3.125,0.7066,1.2972
img_rxax5ozo,2.25,2.5483,0.7877,1.2827
img_rxax5ozo,2.75,1.9759,0.76,1.2793
img_rxax5ozo,3.25,1.7002,0.8008,1.2021
img_rxax5ozo,3.75,1.5677,0.812,1.1772
img_rxax5ozo,4.25,1.2869,0.8119,1.1772
img_rxax5ozo,4.75,1.2663,0.8359,1.1913
img_rxax5ozo,5.25,1.1187,0.8408,1.1896
img_rxax5ozo,5.75,1.3101,0.8067,1.1556
img_rxax5ozo,6.25,1.0188,0.8471,1.1317
img_rxax5ozo,6.75,0.9331,0.8598,1.1583
img_rxax5ozo,7.25,0.9159,0.8583,1.1318
img_rxax5ozo,7.75,0.8496,0.8396,1.1477
img_rxax5ozo,8.25,0.8793,0.8835,1.1274
img_rxax5ozo,8.75,0.7668,0.8811,1.1326
img_rxax5ozo,9.25,0.8846,0.8674,1.126
img_rxax5ozo,9.75,0.9524,0.8747,1.1441
img_rxax5ozo,10.25,0.9371,0.8858,1.137
img_rxax5ozo,10.75,0.952,0.8768,1.1251
img_rxax5ozo,11.25,0.9232,0.8687,1.1399
img_rxax5ozo,11.75,0.9178,0.8828,1.1106
img_rxax5ozo,12.25,0.855,0.8885,1.1047
img_rxax5ozo,12.75,0.909,0.8787,1.1247
img_rxax5ozo,13.25,0.938,0.8774,1.1236
img_rxax5ozo,13.75,0.9744,0.8906,1.1235
img_rxax5ozo,14.25,0.894,0.8929,1.1358
img_rxax5ozo,14.75,0.8037,0.8797,1.127
img_tuy3zymq,0.25,4.3997,0.0,2.386
img_tuy3zymq,0.75,8.5981,0.3394,1.8158
img_tuy3zymq,1.25,6.0323,0.5213,1.5081
img_tuy3zymq,1.75,3.5856,0.6275,1.5505
img_tuy3zymq,2.25,3.0962,0.6881,1.4162
img_tuy3zymq,2.75,2.0607,0.6642,1.3648
img_tuy3zymq,3.25,1.5341,0.6835,1.2931
img_tuy3zymq,3.75,1.2504,0.6842,1.3212
img_tuy3zymq,4.25,0.9216,0.7331,1.2368
img_tuy3zymq,4.75,0.9957,0.7419,1.3081
img_tuy3zymq,5.25,0.8118,0.7589,1.2539
img_tuy3zymq,5.75,0.9813,0.7914,1.2662
img_tuy3zymq,6.25,0.9138,0.764,1.2584
img_tuy3zymq,6.75,1.2501,0.7718,1.2515
img_tuy3zymq,7.25,1.0174,0.7696,1.2287
img_tuy3zymq,7.75,1.2049,0.754,1.2292
img_tuy3zymq,8.25,1.1133,0.8074,1.2076
img_tuy3zymq,8.75,1.1413,0.7978,1.2305
img_tuy3zymq,9.25,1.1372,0.8391,1.2116
img_tuy3zymq,9.75,1.0867,0.7647,1.2075
img_tuy3zymq,10.25,0.9461,0.8166,1.2155
img_tuy3zymq,10.75,0.9371,0.8247,1.2
img_tuy3zymq,11.25,0.9499,0.8047,1.2212
img_tuy3zymq,11.75,0.8272,0.7916,1.2061
img_tuy3zymq,12.25,0.7867,0.8034,1.1814
img_tuy3zymq,12.75,0.927,0.7712,1.1813
img_tuy3zymq,13.25,1.1114,0.8151,1.2153
img_tuy3zymq,13.75,1.0049,0.8331,1.2012
img_tuy3zymq,14.25,1.1276,0.8385,1.2184
img_tuy3zymq,14.75,1.1078,0.845,1.1807
img_ufdvpb81,0.25,7.2805,0.2022,2.0325
img_ufdvpb81,0.75,10.8181,0.4674,1.5359
img_ufdvpb81,1.25,7.9746,0.6072,1.4593
img_ufdvpb81,1.75,5.3994,0.693,1.2993
img_ufdvpb81,2.25,4.1734,0.6956,1.23
img_ufdvpb81,2.75,3.5429,0.7676,1.3309
img_ufdvpb81,3.25,2.6721,0.768,1.2801
img_ufdvpb81,3.75,1.9312,0.7994,1.2567
img_ufdvpb81,4.25,1.6577,0.8031,1.2188
img_ufdvpb81,4.75,1.4149,0.8186,1.2037
img_ufdvpb81,5.25,1.0765,0.8074,1.2219
img_ufdvpb81,5.75,0.867,0.8013,1.1756
img_ufdvpb81,6.25,0.713,0.8186,1.1887
img_ufdvpb81,6.75,0.7519,0.8246,1.1932
img_ufdvpb81,7.25,0.7392,0.8379,1.1507
img_ufdvpb81,7.75,0.6699,0.8497,1.1677
img_ufdvpb81,8.25,0.5824,0.8561,1.1446
img_ufdvpb81,8.75,0.5959,0.7961,1.1734
img_ufdvpb81,9.25,0.5637,0.8327,1.1588
img_ufdvpb81,9.75,0.5948,0.8469,1.1656
img_ufdvpb81,10.25,0.6205,0.844,1.1606
img_ufdvpb81,10.75,0.6884,0.8687,1.164
img_ufdvpb81,11.25,0.7102,0.8639,1.1679
img_ufdvpb81,11.75,0.7994,0.861,1.1607
img_ufdvpb81,12.25,0.775,0.8644,1.1182
img_ufdvpb81,12.75,0.8122,0.86,1.1346
img_ufdvpb81,13.25,0.8893,0.8563,1.1327
img_ufdvpb81,13.75,0.8354,0.8398,1.1596
img_ufdvpb81,14.25,0.8117,0.8644,1.1167
img_ufdvpb81,14.75,0.8028,0.8414,1.1376
img_uhdslk0o,0.25,4.8784,0.2033,2.0428
img_uhdslk0o,0.75,6.5503,0.566,1.4987
img_uhdslk0o,1.25,3.5343,0.6237,1.4137
img_uhdslk0o,1.75,1.9251,0.7108,1.4231
img_uhdslk0o,2.25,1.4888,0.7326,1.2997
img_uhdslk0o,2.75,1.4987,0.7581,1.2661
img_uhdslk0o,3.25,1.1865,0.752,1.2383
img_uhdslk0o,3.75,1.1811,0.7582,1.2394
img_uhdslk0o,4.25,1.5302,0.7837,1.2222
img_uhdslk0o,4.75,1.1564,0.8089,1.2027
img_uhdslk0o,5.25,1.2328,0.8213,1.1895
img_uhdslk0o,5.75,1.0755,0.7894,1.1939
img_uhdslk0o,6.25,0.8785,0.8061,1.1779
img_uhdslk0o,6.75,0.8375,0.829,1.1843
img_uhdslk0o,7.25,0.7965,0.8118,1.1908
img_uhdslk0o,7.75,1.0519,0.8232,1.1662
img_uhdslk0o,8.25,1.01,0.8149,1.1691
img_uhdslk0o,8.75,1.0159,0.8394,1.1652
img_uhdslk0o,9.25,1.1166,0.8681,1.1434
img_uhdslk0o,9.75,1.1035,0.8604,1.1721
img_uhdslk0o,10.25,0.8984,0.8321,1.1462
img_uhdslk0o,10.75,0.871,0.8534,1.1537
img_uhdslk0o,11.25,1.0717,0.8496,1.1608
img_uhdslk0o,11.75,1.1134,0.8655,1.142
img_uhdslk0o,12.25,1.0606,0.8661,1.1504
img_uhdslk0o,12.75,1.0282,0.8602,1.1457
img_uhdslk0o,13.25,1.0218,0.8391,1.1558
img_uhdslk0o,13.75,1.1887,0.8248,1.1304
img_uhdslk0o,14.25,1.0626,0.8692,1.1475
img_uhdslk0o,14.75,1.1107,0.8453,1.152
img_utfgcjfa,0.25,2.8682,0.4097,1.7824
img_utfgcjfa,0.75,6.8218,0.6051,1.3573
img_utfgcjfa,1.25,3.7389,0.6962,1.3128
img_utfgcjfa,1.75,2.7596,0.7404,1.2768
img_utfgcjfa,2.25,2.2801,0.7548,1.2297
img_utfgcjfa,2.75,1.9207,0.7809,1.2187
img_utfgcjfa,3.25,1.5043,0.7848,1.2283
img_utfgcjfa,3.75,1.5035,0.8143,1.2222
img_utfgcjfa,4.25,1.3959,0.8114,1.1957
img_utfgcjfa,4.75,1.1368,0.8385,1.1536
img_utfgcjfa,5.25,0.8616,0.8471,1.1603
img_utfgcjfa,5.75,0.7989,0.8186,1.1591
img_utfgcjfa,6.25,0.8385,0.8752,1.1567
img_utfgcjfa,6.75,0.9379,0.8349,1.1452
img_utfgcjfa,7.25,1.0061,0.8601,1.1522
img_utfgcjfa,7.75,0.9733,0.8514,1.1507
img_utfgcjfa,8.25,1.043,0.866,1.1485
img_utfgcjfa,8.75,1.0013,0.8679,1.1255
img_utfgcjfa,9.25,0.8721,0.8849,1.1328
img_utfgcjfa,9.75,0.9247,0.8791,1.1446
img_utfgcjfa,10.25,0.9179,0.8855,1.1043
img_utfgcjfa,10.75,0.9825,0.8541,1.119
img_utfgcjfa,11.25,0.8638,0.8712,1.162
img_utfgcjfa,11.75,0.8967,0.885,1.124
img_utfgcjfa,12.25,0.7207,0.88,1.1194
img_utfgcjfa,12.75,0.8193,0.8767,1.1329
img_utfgcjfa,13.25,0.8881,0.8942,1.1087
img_utfgcjfa,13.75,0.9314,0.8772,1.1221
img_utfgcjfa,14.25,0.9612,0.8898,1.1127
img_utfgcjfa,14.75,0.9039,0.8797,1.1234
img_vc2whyaq,0.25,2.182,0.2182,1.9747
img_vc2whyaq,0.75,9.1555,0.5259,1.5133
img_vc2whyaq,1.25,6.0965,0.5914,1.4104
img_vc2whyaq,1.75,3.9605,0.6493,1.3359
img_vc2whyaq,2.25,3.1246,0.7414,1.3574
img_vc2whyaq,2.75,2.2604,0.724,1.2795
img_vc2whyaq,3.25,2.0761,0.7402,1.2466
img_vc2whyaq,3.75,1.6987,0.7779,1.2542
img_vc2whyaq,4.25,1.5691,0.7692,1.2476
img_vc2whyaq,4.75,1.2966,0.7627,1.2082
img_vc2whyaq,5.25,1.1347,0.8023,1.2046
img_vc2whyaq,5.75,1.179,0.7932,1.2224
img_vc2whyaq,6.25,0.9979,0.82,1.2063
img_vc2whyaq,6.75,1.0388,0.8133,1.1979
img_vc2whyaq,7.25,0.8703,0.81,1.1895
img_vc2whyaq,7.75,0.9367,0.806,1.1733
img_vc2whyaq,8.25,0.9762,0.8528,1.1991
img_vc2whyaq,8.75,0.9433,0.825,1.1946
img_vc2whyaq,9.25,0.8426,0.8355,1.1828
img_vc2whyaq,9.75,0.8441,0.8171,1.1686
img_vc2whyaq,10.25,0.9133,0.8611,1.1788
img_vc2whyaq,10.75,0.8008,0.8501,1.1425
img_vc2whyaq,11.25,0.9522,0.8504,1.1432
img_vc2whyaq,11.75,0.8377,0.8436,1.1716
img_vc2whyaq,12.25,0.8877,0.8537,1.1748
img_vc2whyaq,12.75,0.8505,0.845,1.1641
img_vc2whyaq,13.25,0.8192,0.8607,1.1451
img_vc2whyaq,13.75,0.7376,0.825,1.1569
img_vc2whyaq,14.25,0.7737,0.8633,1.1484
img_vc2whyaq,14.75,0.8583,0.8485,1.1678
img_x77cy643,0.25,2.5044,0.3853,1.9361
img_x77cy643,0.75,6.2835,0.5182,1.5547
img_x77cy643,1.25,4.3399,0.6371,1.3975
img_x77cy643,1.75,2.892,0.6637,1.3029
img_x77cy643,2.25,2.6972,0.7445,1.3157
img_x77cy643,2.75,1.9488,0.7486,1.2939
img_x77cy643,3.25,1.6494,0.7847,1.2881
img_x77cy643,3.75,1.3756,0.7704,1.2119
img_x77cy643,4.25,1.4917,0.7948,1.2478
img_x77cy643,4.75,1.3861,0.8031,1.1881
img_x77cy643,5.25,1.2482,0.8188,1.1908
img_x77cy643,5.75,1.3944,0.8034,1.1728
img_x77cy643,6.25,1.1561,0.805,1.1827
img_x77cy643,6.75,1.1367,0.8485,1.1848
img_x77cy643,7.25,0.9914,0.8408,1.1645
img_x77cy643,7.75,0.9408,0.8276,1.1605
img_x77cy643,8.25,0.8787,0.8378,1.149
img_x77cy643,8.75,0.9504,0.8477,1.1608
img_x77cy643,9.25,0.8675,0.8608,1.1858
img_x77cy643,9.75,1.008,0.8674,1.1548
img_x77cy643,10.25,0.9729,0.8655,1.1366
img_x77cy643,10.75,1.1398,0.853,1.1455
img_x77cy643,11.25,1.0349,0.8353,1.1347
img_x77cy643,11.75,0.9086,0.888,1.1398
img_x77cy643,12.25,0.9947,0.8683,1.1209
img_x77cy643,12.75,0.959,0.8869,1.15
img_x77cy643,13.25,1.0698,0.8432,1.1853
img_x77cy643,13.75,0.9796,0.8581,1.1374
img_x77cy643,14.25,1.0633,0.8374,1.146
img_x77cy643,14.75,1.0043,0.8644,1.1522
img_x7u69zsw,0.25,5.6598,0.2264,2.0375
img_x7u69zsw,0.75,9.4215,0.5324,1.6085
img_x7u69zsw,1.25,8.0044,0.5786,1.4466
img_x7u69zsw,1.75,4.5024,0.6187,1.4126
img_x7u69zsw,2.25,3.4264,0.7271,1.295
img_x7u69zsw,2.75,2.7112,0.7274,1.3016
img_x7u69zsw,3.25,2.1246,0.7511,1.2607
img_x7u69zsw,3.75,1.536,0.7597,1.2238
img_x7u69zsw,4.25,1.4951,0.7672,1.2629
img_x7u69zsw,4.75,1.3321,0.8221,1.2015
img_x7u69zsw,5.25,1.1807,0.8066,1.2053
img_x7u69zsw,5.75,0.8409,0.8071,1.2071
img_x7u69zsw,6.25,0.8571,0.8055,1.1984
img_x7u69zsw,6.75,0.8787,0.8014,1.207
img_x7u69zsw,7.25,0.9641,0.7839,1.1632
img_x7u69zsw,7.75,0.8622,0.8115,1.1838
img_x7u69zsw,8.25,0.8908,0.8427,1.1557
img_x7u69zsw,8.75,0.7784,0.8233,1.1717
img_x7u69zsw,9.25,0.8181,0.8396,1.1836
img_x7u69zsw,9.75,0.981,0.8279,1.1834
img_x7u69zsw,10.25,0.9381,0.8246,1.1979
img_x7u69zsw,10.75,1.1433,0.851,1.1839
img_x7u69zsw,11.25,0.9155,0.8587,1.1729
img_x7u69zsw,11.75,0.8049,0.8412,1.1619
img_x7u69zsw,12.25,0.9525,0.8543,1.1666
img_x7u69zsw,12.75,0.7722,0.8785,1.1445
img_x7u69zsw,13.25,0.8426,0.8587,1.142
img_x7u69zsw,13.75,0.8351,0.8348,1.1659
img_x7u69zsw,14.25,0.7877,0.8595,1.1594
img_x7u69zsw,14.75,0.8746,0.8591,1.1521
img_xgj4xftb,0.25,3.2052,0.4181,1.8116
img_xgj4xftb,0.75,6.1391,0.6139,1.5112
img_xgj4xftb,1.25,3.5163,0.7133,1.3165
img_xgj4xftb,1.75,3.2353,0.7112,1.3022
img_xgj4xftb,2.25,2.3796,0.7447,1.2627
img_xgj4xftb,2.75,2.0223,0.8029,1.2596
img_xgj4xftb,3.25,1.6158,0.8301,1.2181
img_xgj4xftb,3.75,1.5964,0.8174,1.2126
img_xgj4xftb,4.25,1.2452,0.8237,1.2098
img_xgj4xftb,4.75,1.1655,0.8275,1.1574
img_xgj4xftb,5.25,1.0599,0.8476,1.1769
img_xgj4xftb,5.75,1.1488,0.8422,1.1627
img_xgj4xftb,6.25,1.1337,0.8423,1.1527
img_xgj4xftb,6.75,1.1108,0.8578,1.1402
img_xgj4xftb,7.25,1.0041,0.8707,1.1436
img_xgj4xftb,7.75,0.9508,0.8411,1.1598
img_xgj4xftb,8.25,1.0198,0.8906,1.1337
img_xgj4xftb,8.75,1.0707,0.8699,1.1521
img_xgj4xftb,9.25,0.9719,0.8539,1.1256
img_xgj4xftb,9.75,1.1004,0.8589,1.118
img_xgj4xftb,10.25,1.0882,0.8839,1.1343
img_xgj4xftb,10.75,1.1811,0.8595,1.1249
img_xgj4xftb,11.25,1.1142,0.8727,1.13
img_xgj4xftb,11.75,1.0778,0.8802,1.1349
img_xgj4xftb,12.25,1.0755,0.8857,1.1338
img_xgj4xftb,12.75,1.0286,0.869,1.1282
img_xgj4xftb,13.25,1.0732,0.8808,1.1186
img_xgj4xftb,13.75,1.0778,0.8876,1.1257
img_xgj4xftb,14.25,1.0654,0.8798,1.1456
img_xgj4xftb,14.75,1.2582,0.8809,1.1184
