image_id,n_si,g_peak,peak_r_um,g_above_env
img_0grcilhi,542,4.746879248547769,0.75,True
img_3806gxp0,407,4.7807807807807805,0.75,True
img_4ih2ggld,717,4.3644734639209775,0.75,True
img_5n1q8atc,503,6.603370396108408,0.75,True
img_71vgq3fw,259,10.281666666666668,0.75,True
img_9luzk4jm,317,11.88407494145199,0.75,True
img_avn74qx1,350,5.105796642382008,0.75,True
img_b3esycq1,408,5.244509516837482,0.75,True
img_cfe5vt7s,451,7.186424654944224,0.75,True
img_epqdaau9,607,5.399978291544556,0.75,True
img_f1vzngrs,512,5.0940118848087765,0.75,True
img_ffwubibz,252,8.700811992504686,0.75,True
img_fzrt2k6r,336,6.753227591294725,0.75,True
img_hawkfj64,334,5.465266558966074,0.75,True
img_hzumfsms,265,7.250560538116591,0.75,True
img_i9jiqjwl,445,8.29704039749406,0.75,True
img_iv6g2oq0,354,5.116520787746171,0.75,True
img_kbdh4tri,269,7.374111675126904,0.75,True
img_mgxahqnk,374,4.563057324840764,0.75,True
img_pl8uabbv,505,7.053595890410959,0.75,True
img_ptg8lmto,319,4.9192296636964645,0.75,True
img_r17byphk,575,8.798346513299784,0.75,True
img_rxax5ozo,415,6.217310807683406,0.75,True
img_tuy3zymq,262,8.59806708357021,0.75,True
img_ufdvpb81,344,10.818120805369126,0.75,True
img_uhdslk0o,321,6.550268336314848,0.75,True
img_utfgcjfa,409,6.821789152383189,0.75,True
img_vc2whyaq,322,9.15551330798479,0.75,True
img_x77cy643,346,6.283528645833334,0.75,True
img_x7u69zsw,316,9.421478060046189,0.75,True
img_xgj4xftb,361,6.139060275272899,0.75,True
