image_id,phase,len_x_um,len_y_um,len_r_um,censored,anisotropy
img_0grcilhi,pore,0.625,0.375,0.42500000000000004,0,1.6666666666666667
img_0grcilhi,bright,0.5750000000000001,0.42500000000000004,0.47500000000000003,0,1.3529411764705883
img_3806gxp0,pore,0.375,0.275,0.30000000000000004,0,1.3636363636363635
img_3806gxp0,bright,0.7250000000000001,0.6000000000000001,0.625,0,1.2083333333333333
img_4ih2ggld,pore,0.525,0.35000000000000003,0.4,0,1.5
img_4ih2ggld,bright,0.5,0.42500000000000004,0.45,0,1.176470588235294
img_5n1q8atc,pore,0.325,0.275,0.30000000000000004,0,1.1818181818181817
img_5n1q8atc,bright,0.625,0.525,0.5750000000000001,0,1.1904761904761905
img_71vgq3fw,pore,0.30000000000000004,0.25,0.25,0,1.2000000000000002
img_71vgq3fw,bright,0.775,0.75,0.75,0,1.0333333333333334
img_9luzk4jm,pore,0.42500000000000004,0.275,0.325,0,1.5454545454545454
img_9luzk4jm,bright,0.8,0.75,0.7250000000000001,0,1.0666666666666667
img_avn74qx1,pore,0.47500000000000003,0.30000000000000004,0.325,0,1.5833333333333333
img_avn74qx1,bright,0.65,0.5,0.525,0,1.3
img_b3esycq1,pore,0.42500000000000004,0.25,0.30000000000000004,0,1.7000000000000002
img_b3esycq1,bright,0.9,0.7000000000000001,0.75,0,1.2857142857142856
img_cfe5vt7s,pore,0.375,0.25,0.30000000000000004,0,1.5
img_cfe5vt7s,bright,0.8,0.7000000000000001,0.7250000000000001,0,1.1428571428571428
img_epqdaau9,pore,0.325,0.225,0.25,0,1.4444444444444444
img_epqdaau9,bright,0.675,0.47500000000000003,0.525,0,1.4210526315789473
img_f1vzngrs,pore,0.25,0.17500000000000002,0.2,0,1.4285714285714284
img_f1vzngrs,bright,0.7250000000000001,0.625,0.65,0,1.1600000000000001
img_ffwubibz,pore,0.4,0.25,0.30000000000000004,0,1.6
img_ffwubibz,bright,0.7000000000000001,0.6000000000000001,0.65,0,1.1666666666666665
img_fzrt2k6r,pore,0.4,0.25,0.30000000000000004,0,1.6
img_fzrt2k6r,bright,0.75,0.6000000000000001,0.7000000000000001,0,1.2499999999999998
img_hawkfj64,pore,0.4,0.25,0.30000000000000004,0,1.6
img_hawkfj64,bright,0.525,0.42500000000000004,0.47500000000000003,0,1.2352941176470587
img_hzumfsms,pore,0.6000000000000001,0.35000000000000003,0.42500000000000004,0,1.7142857142857144
img_hzumfsms,bright,0.8,0.625,0.675,0,1.28
img_i9jiqjwl,pore,0.325,0.25,0.275,0,1.3
img_i9jiqjwl,bright,0.75,0.525,0.6000000000000001,0,1.4285714285714286
img_iv6g2oq0,pore,0.42500000000000004,0.25,0.30000000000000004,0,1.7000000000000002
img_iv6g2oq0,bright,0.75,0.6000000000000001,0.65,0,1.2499999999999998
img_kbdh4tri,pore,0.30000000000000004,0.2,0.225,0,1.5000000000000002
img_kbdh4tri,bright,0.675,0.5750000000000001,0.6000000000000001,0,1.1739130434782608
img_mgxahqnk,pore,0.375,0.25,0.30000000000000004,0,1.5
img_mgxahqnk,bright,0.775,0.7000000000000001,0.7250000000000001,0,1.107142857142857
img_pl8uabbv,pore,0.42500000000000004,0.275,0.325,0,1.5454545454545454
img_pl8uabbv,bright,0.7000000000000001,0.55,0.6000000000000001,0,1.2727272727272727
img_ptg8lmto,pore,0.35000000000000003,0.225,0.275,0,1.5555555555555556
img_ptg8lmto,bright,0.7000000000000001,0.525,0.6000000000000001,0,1.3333333333333335
img_r17byphk,pore,0.45,0.275,0.35000000000000003,0,1.6363636363636362
img_r17byphk,bright,0.65,0.5,0.55,0,1.3
img_rxax5ozo,pore,0.375,0.25,0.30000000000000004,0,1.5
img_rxax5ozo,bright,0.625,0.55,0.55,0,1.1363636363636362
img_tuy3zymq,pore,0.325,0.225,0.25,0,1.4444444444444444
img_tuy3zymq,bright,0.625,0.525,0.55,0,1.1904761904761905
img_ufdvpb81,pore,0.45,0.30000000000000004,0.325,0,1.4999999999999998
img_ufdvpb81,bright,0.775,0.7000000000000001,0.7000000000000001,0,1.107142857142857
img_uhdslk0o,pore,0.375,0.25,0.30000000000000004,0,1.5
img_uhdslk0o,bright,0.8500000000000001,0.8,0.8250000000000001,0,1.0625
img_utfgcjfa,pore,0.4,0.275,0.325,0,1.4545454545454546
img_utfgcjfa,bright,0.7000000000000001,0.5750000000000001,0.6000000000000001,0,1.2173913043478262
img_vc2whyaq,pore,0.45,0.25,0.325,0,1.8
img_vc2whyaq,bright,0.8250000000000001,0.625,0.7000000000000001,0,1.32
img_x77cy643,pore,0.375,0.25,0.30000000000000004,0,1.5
img_x77cy643,bright,0.675,0.5750000000000001,0.625,0,1.1739130434782608
img_x7u69zsw,pore,0.30000000000000004,0.2,0.25,0,1.5000000000000002
img_x7u69zsw,bright,0.8250000000000001,0.75,0.7250000000000001,0,1.1
img_xgj4xftb,pore,0.4,0.275,0.30000000000000004,0,1.4545454545454546
img_xgj4xftb,bright,0.7250000000000001,0.55,0.625,0,1.3181818181818183
