marker,pair,diff,p,n_pair_groups
pore_frac,Batch_1-Batch_2,-0.018,0.5,3
pore_frac,Batch_1-Batch_3,-0.0158,1.0,1
pore_frac,Batch_2-Batch_3,-0.0109,0.4375,3
si_candidate_frac,Batch_1-Batch_2,-0.0106,1.0,3
si_candidate_frac,Batch_1-Batch_3,-0.022,1.0,1
si_candidate_frac,Batch_2-Batch_3,-0.0035,0.25,3
uncertain_bright_frac,Batch_1-Batch_2,-0.0063,0.5,3
uncertain_bright_frac,Batch_1-Batch_3,-0.0003,1.0,1
uncertain_bright_frac,Batch_2-Batch_3,0.0071,0.125,3
bright_frac_raw,Batch_1-Batch_2,-0.0158,0.5,3
bright_frac_raw,Batch_1-Batch_3,-0.0222,1.0,1
bright_frac_raw,Batch_2-Batch_3,0.0005,1.0,3
si_d50_um,Batch_1-Batch_2,0.4152,0.5,3
si_d50_um,Batch_1-Batch_3,0.0611,1.0,1
si_d50_um,Batch_2-Batch_3,-0.0001,1.0,3
si_d90_um,Batch_1-Batch_2,-1.1833,0.5,3
si_d90_um,Batch_1-Batch_3,0.0042,1.0,1
si_d90_um,Batch_2-Batch_3,-0.6102,1.0,3
si_clustering_R,Batch_1-Batch_2,-0.016,0.5,3
si_clustering_R,Batch_1-Batch_3,-0.0376,1.0,1
si_clustering_R,Batch_2-Batch_3,0.003,1.0,3
pore_d50_um,Batch_1-Batch_2,0.0087,0.5,3
pore_d50_um,Batch_1-Batch_3,0.0033,1.0,1
pore_d50_um,Batch_2-Batch_3,0.0,1.0,3
pore_anisotropy,Batch_1-Batch_2,0.0012,1.0,3
pore_anisotropy,Batch_1-Batch_3,0.0321,1.0,1
pore_anisotropy,Batch_2-Batch_3,0.0171,0.5,3
pore_chord_h_um,Batch_1-Batch_2,-0.0709,0.5,3
pore_chord_h_um,Batch_1-Batch_3,-0.0022,1.0,1
pore_chord_h_um,Batch_2-Batch_3,-0.0336,1.0,3
pore_chord_v_um,Batch_1-Batch_2,-0.0586,0.5,3
pore_chord_v_um,Batch_1-Batch_3,-0.0147,1.0,1
pore_chord_v_um,Batch_2-Batch_3,-0.0157,0.75,3
pores_per_mpx,Batch_1-Batch_2,-3.2477,1.0,3
pores_per_mpx,Batch_1-Batch_3,-17.1065,1.0,1
pores_per_mpx,Batch_2-Batch_3,-7.8319,0.5,3
pores_per_mpx_noise_adj,Batch_1-Batch_2,-3.1459,1.0,3
pores_per_mpx_noise_adj,Batch_1-Batch_3,-16.6466,1.0,1
pores_per_mpx_noise_adj,Batch_2-Batch_3,-7.4777,0.5,3
si_n_particles,Batch_1-Batch_2,-95.0,0.5,3
si_n_particles,Batch_1-Batch_3,-199.0,1.0,1
si_n_particles,Batch_2-Batch_3,69.0,0.25,3
