image_id,batch,has_inlens,has_etd,si_px,unc_px,bright_px,dropped_px,mask_coverage,inl_pore_mean,inl_bulk_mean,inl_si_mean,inl_unc_mean,inl_pore_darkness,inl_unc_si_like,inl_edge_density,etd_pore_mean,etd_bulk_mean,etd_si_mean,etd_unc_mean,etd_pore_darkness,etd_unc_si_like,etd_edge_density,reg_dy_px,reg_dx_px,inl_std_si,inl_std_unc,inl_std_bulk
img_0grcilhi,Batch_3,True,True,883451,447400,1425971,95120,0.9332945761169056,0.8396679162979126,1.2406483888626099,1.8366379737854004,2.1741244792938232,0.6767976518050336,1.566262421435005,0.12487448006868362,0.1688048541545868,1.035948395729065,1.6606314182281494,1.5041749477386475,0.16294716498478454,0.7495426242519161,0.10713957250118256,0.0,0.0,0.19654403626918793,0.28988051414489746,0.2217121422290802
img_3806gxp0,Batch_2,True,True,930501,178818,1210749,101430,0.9162254108820242,0.8140804767608643,1.0888710021972656,1.5801728963851929,1.8593345880508423,0.7476372087401599,1.5682080508300822,0.10994113236665726,0.2131628841161728,1.0356882810592651,1.570361614227295,1.4921791553497314,0.2058176074930165,0.8537752791703316,0.10686001926660538,0.0,0.0,0.1734282225370407,0.32163888216018677,0.17867617309093475
img_4ih2ggld,Batch_1,True,True,486617,1304132,2020167,229418,0.8864361213701639,0.5160850882530212,1.0783870220184326,1.6062744855880737,1.4228860139846802,0.47857130855215346,0.6525993052320324,0.14626607298851013,0.16133001446723938,1.0374590158462524,1.5655314922332764,1.4147427082061768,0.15550495200588038,0.714454377439307,0.13357076048851013,0.0,0.0,0.32467377185821533,0.23667123913764954,0.22346976399421692
img_5n1q8atc,Batch_1,True,True,418262,1318254,1927397,190881,0.9009643576284492,0.527613639831543,1.0650761127471924,1.5149939060211182,1.3951797485351562,0.49537646513416633,0.7336976681582033,0.13950899243354797,0.2037675678730011,1.0310031175613403,1.5361194610595703,1.3708584308624268,0.19764010835871967,0.6728258106783618,0.12979461252689362,0.0,0.0,0.2632000744342804,0.21282103657722473,0.21213263273239136
img_71vgq3fw,Batch_3,True,True,688646,288357,1001178,24175,0.9758534446422115,0.9373453259468079,1.3608494997024536,1.798625111579895,1.9364429712295532,0.6887942613431949,1.3148139272962547,0.15261796116828918,0.346458375453949,1.0219882726669312,1.5215579271316528,1.4567170143127441,0.33900425740683693,0.8702064622232022,0.09022737294435501,0.0,0.0,0.18468214571475983,0.2318582385778427,0.2787281274795532
img_9luzk4jm,Batch_3,True,True,892687,77021,996234,26526,0.9733737254500449,0.6677594184875488,1.0793206691741943,1.1504660844802856,1.2234545946121216,0.6186849168731868,2.0259060238500965,0.07603604346513748,0.1981450468301773,1.0479384660720825,1.5545310974121094,1.5969922542572021,0.18908080316287187,1.083817162387016,0.09097450971603394,0.0,0.0,0.09275845438241959,0.18223464488983154,0.1263168603181839
img_avn74qx1,Batch_2,True,True,739811,169904,994310,84595,0.9149208999205479,0.7228471040725708,1.0854699611663818,1.668249249458313,1.9462529420852661,0.6659300855233636,1.4770308386246098,0.10785150527954102,0.20867133140563965,1.0350335836410522,1.5698810815811157,1.4809956550598145,0.20160827117471242,0.8338116437608127,0.10622342675924301,0.0,0.0,0.1815636157989502,0.33357545733451843,0.1729360967874527
img_b3esycq1,Batch_2,True,True,1148751,181634,1381509,51124,0.9629940883483206,0.528296709060669,1.0259853601455688,1.290539026260376,1.2659393548965454,0.5149164204309047,0.9070144378450792,0.0843830332159996,0.22451791167259216,1.0283933877944946,1.5040041208267212,1.3595645427703857,0.21831909300204283,0.696307151994931,0.10429255664348602,0.0,0.0,0.1213061660528183,0.13783971965312958,0.12863565981388092
img_cfe5vt7s,Batch_3,True,True,990851,118589,1165896,56456,0.951577156109979,0.70592200756073,1.0478618144989014,1.4177846908569336,1.854561448097229,0.6736785306928179,2.180723835034085,0.11139831691980362,0.20190522074699402,1.017379879951477,1.5242772102355957,1.525253415107727,0.19845607793681128,1.001925843388412,0.10377473384141922,0.0,0.0,0.1697925627231598,0.24064241349697113,0.180691659450531
img_epqdaau9,Batch_2,True,True,1083962,314767,1546906,148177,0.904210727736527,0.5703216791152954,1.0588579177856445,1.477653980255127,1.4267168045043945,0.5386196481469305,0.8783723623131147,0.10211986303329468,0.20771099627017975,1.0274842977523804,1.6023962497711182,1.4562091827392578,0.20215491051741336,0.7457226858503443,0.11821204423904419,0.0,0.0,0.1577540934085846,0.2035476118326187,0.15676665306091309
img_f1vzngrs,Batch_1,True,True,1261733,265868,1614014,86413,0.9464608113684267,0.5111902952194214,1.0357630252838135,1.4594966173171997,1.2822701930999756,0.49353981822178694,0.5817503555317363,0.09758677333593369,0.2287348359823227,1.019775152206421,1.5492823123931885,1.4101042747497559,0.22429928351109954,0.7371555134507685,0.11326058208942413,0.0,0.0,0.15778499841690063,0.19257187843322754,0.1462160348892212
img_ffwubibz,Batch_1,True,True,670834,139013,842052,32205,0.9617541434495732,0.6305022835731506,1.041833519935608,1.3418123722076416,1.2972354888916016,0.605185254177769,0.8513999137658683,0.09727276116609573,0.21293164789676666,1.0183144807815552,1.4467195272445679,1.3231843709945679,0.20910205237712212,0.7116393532944396,0.09507057070732117,0.0,0.0,0.1343427300453186,0.15574203431606293,0.15071414411067963
img_fzrt2k6r,Batch_1,True,True,898248,189081,1142969,55640,0.9513197645780419,0.4968792796134949,1.0206143856048584,1.3173900842666626,1.2615556716918945,0.48684330401537856,0.8118632596047053,0.08662249892950058,0.2028207629919052,1.036826729774475,1.4851040840148926,1.4492847919464111,0.1956168346817425,0.9200956913623813,0.1066984087228775,0.0,0.0,0.1269567310810089,0.15055440366268158,0.13290970027446747
img_hawkfj64,Batch_3,True,True,671582,255514,1009019,81923,0.9188092592904593,1.0584355592727661,1.2938660383224487,1.9677581787109375,2.5686566829681396,0.8180410706544797,1.8916835028092078,0.1301754117012024,0.18324990570545197,1.024595022201538,1.6390947103500366,1.6550959348678589,0.17885105991604813,1.0260394347245876,0.1049548089504242,0.0,0.0,0.1912580132484436,0.32102710008621216,0.23073358833789825
img_hzumfsms,Batch_3,True,True,745830,144563,933637,43244,0.9536822126800887,0.6381730437278748,1.0808569192886353,1.1644277572631836,1.5190664529800415,0.5904324914234602,5.243569937935334,0.07898202538490295,0.18248441815376282,1.048559308052063,1.5447595119476318,1.7302430868148804,0.17403347312110468,1.373807937624882,0.09209296107292175,0.0,0.0,0.09548026323318481,0.23396724462509155,0.1322105973958969
img_i9jiqjwl,Batch_2,True,True,976314,264769,1324652,83569,0.9369124872041864,0.5833256840705872,1.0331711769104004,1.351178526878357,1.2807118892669678,0.5645973262774973,0.7784119215531037,0.08464981615543365,0.2133561670780182,1.0310455560684204,1.5744609832763672,1.5260344743728638,0.20693185264440422,0.9108849206723529,0.10833515226840973,0.0,0.0,0.12368889898061752,0.15368303656578064,0.12376376986503601
img_iv6g2oq0,Batch_1,True,True,775116,112785,957229,69328,0.9275742795088741,0.6136630177497864,1.0461151599884033,1.4351922273635864,1.5381605625152588,0.5866113418685082,1.2646476592576479,0.09974941611289978,0.18797588348388672,1.0260279178619385,1.5576711893081665,1.419313907623291,0.18320737692556685,0.7397554166189247,0.10601813346147537,0.0,0.0,0.15630187094211578,0.2642209231853485,0.15112195909023285
img_kbdh4tri,Batch_3,True,True,732126,232909,1006682,41647,0.9586294380946515,1.0284326076507568,1.3945837020874023,1.9129542112350464,2.496098756790161,0.7374477459555899,2.1249570244919576,0.15957622230052948,0.350480318069458,1.0213104486465454,1.5239466428756714,1.613153338432312,0.3431672695936082,1.177477659947377,0.0923115536570549,0.0,0.0,0.18807990849018097,0.37522396445274353,0.29054632782936096
img_mgxahqnk,Batch_3,True,True,945318,258875,1272213,68020,0.9465341102472621,0.9728395938873291,1.2230168581008911,1.7142292261123657,2.255908966064453,0.7954425055088455,2.1027404341322162,0.11982319504022598,0.1917959302663803,1.0237503051757812,1.554443597793579,1.5049386024475098,0.18734639618344076,0.90671637264931,0.10294787585735321,0.0,0.0,0.15035700798034668,0.27715003490448,0.21715587377548218
img_pl8uabbv,Batch_3,True,True,1005625,127033,1222184,89526,0.9267491637920313,0.645433783531189,1.0550123453140259,1.361225962638855,1.5176331996917725,0.6117784179473983,1.5107781894852894,0.09449417144060135,0.1834041029214859,1.0342575311660767,1.5785191059112549,1.5940752029418945,0.1773292409238794,1.0285820233367071,0.11328567564487457,0.0,0.0,0.13983426988124847,0.21961675584316254,0.14002279937267303
img_ptg8lmto,Batch_3,True,True,655169,145944,865700,64587,0.9253933233221671,1.031567096710205,1.2651742696762085,1.861057996749878,2.8234660625457764,0.8153557351227276,2.61509372058572,0.1612275093793869,0.16708174347877502,1.031481385231018,1.6553003787994385,1.7332857847213745,0.1619823157946318,1.1250128750903168,0.12487509846687317,0.0,0.0,0.24681489169597626,0.5182286500930786,0.25787976384162903
img_r17byphk,Batch_2,True,True,824907,179213,1087323,83203,0.9234790398069387,0.6844812631607056,1.0426746606826782,1.4965529441833496,1.907436490058899,0.6564667666446886,1.9052725385019254,0.11366494745016098,0.1839563250541687,1.0245416164398193,1.5175154209136963,1.5362770557403564,0.17954988074901115,1.0380580766288046,0.10624945163726807,0.0,0.0,0.20027178525924683,0.3232048451900482,0.18239542841911316
img_rxax5ozo,Batch_2,True,False,877789,239445,1220431,103197,0.9154421675621154,0.7468737959861755,1.0963720083236694,1.7316709756851196,1.9433931112289429,0.6812229702289923,1.333263780394853,0.11872691661119461,,,,,,,,0.0,0.0,0.19657649099826813,0.29753851890563965,0.19172756373882294
img_tuy3zymq,Batch_3,True,True,502464,340272,892047,49311,0.9447215225206743,1.0322552919387817,1.4279760122299194,1.9508708715438843,2.3922533988952637,0.7228799945503409,1.8441133422701284,0.16282930970191956,0.34065139293670654,1.0229997634887695,1.5506683588027954,1.5654792785644531,0.3329926409513253,1.0280686019467264,0.0918000340461731,0.0,0.0,0.21094997227191925,0.33564093708992004,0.2984018623828888
img_ufdvpb81,Batch_3,True,True,680855,143078,842710,18777,0.9777183135360918,0.6033417582511902,1.0455306768417358,1.1276847124099731,1.108626365661621,0.5770674850724818,0.7680169133928649,0.06645327061414719,0.20329716801643372,1.0413436889648438,1.5040544271469116,1.3711649179458618,0.19522581273673723,0.7128021931733075,0.08488059043884277,0.0,0.0,0.09364163875579834,0.09473461657762527,0.10536167770624161
img_uhdslk0o,Batch_1,True,True,814351,129604,1005303,61348,0.9389756123278256,0.6699011325836182,1.063515305519104,1.5519384145736694,1.4563307762145996,0.6298932691491808,0.8042524266631521,0.09989094734191895,0.2129443883895874,1.0262818336486816,1.4970722198486328,1.3738797903060913,0.20749114074495334,0.7383284936276928,0.10413079708814621,0.0,0.0,0.15299983322620392,0.18874818086624146,0.15239295363426208
img_utfgcjfa,Batch_3,True,False,928577,198768,1225888,98543,0.9196150056122582,0.7960526347160339,1.1761560440063477,1.8212617635726929,2.148414134979248,0.6768256973831762,1.5071298571441507,0.1323680579662323,,,,,,,,0.0,0.0,0.20112377405166626,0.33485040068626404,0.21921822428703308
img_vc2whyaq,Batch_3,True,False,887085,95413,1036105,53607,0.9482610353197793,0.7466732263565063,1.0818735361099243,1.6109369993209839,1.7650409936904907,0.6901668276694405,1.2912769546288438,0.1077762320637703,,,,,,,,0.0,0.0,0.1622079610824585,0.25835806131362915,0.17334140837192535
img_x77cy643,Batch_3,True,False,990611,145477,1212003,75915,0.9373640164257019,0.7717117071151733,1.129183053970337,1.7311546802520752,2.0101871490478516,0.6834248038010725,1.4635309317140173,0.12472795695066452,,,,,,,,0.0,0.0,0.18034493923187256,0.3085081875324249,0.21167422831058502
img_x7u69zsw,Batch_3,True,True,616872,529146,1185606,39588,0.9666094807212514,1.0790441036224365,1.4008824825286865,1.9392224550247192,1.8192474842071533,0.7702602588581804,0.7771390256211189,0.15894347429275513,0.3395347595214844,1.0197815895080566,1.5670868158340454,1.4657386541366577,0.33294850879321736,0.814823325591592,0.09172632545232773,0.0,0.0,0.2218143194913864,0.19292433559894562,0.2938917577266693
img_xgj4xftb,Batch_3,True,True,680666,285981,1067119,100472,0.9058474265756677,1.1795077323913574,1.3076597452163696,1.788763165473938,2.649782657623291,0.9019989616612326,2.7896765142272093,0.1392546445131302,0.17464962601661682,1.0283757448196411,1.6920751333236694,1.7231464385986328,0.16983055745567713,1.0468153290678748,0.11961721628904343,0.0,0.0,0.19229906797409058,0.3509015738964081,0.25185784697532654
img_3e122cbj,New_Images_Batch,True,True,584105,1151534,1970454,234815,0.8808320316028692,0.5603836178779602,1.0751051902770996,1.6262632608413696,1.484222650527954,0.5212360827069636,0.7422869809962217,0.14582593739032745,0.17157641053199768,1.0295380353927612,1.563838243484497,1.4461328983306885,0.16665378512853343,0.7797018541800766,0.13428346812725067,0.0,0.0,0.3224726617336273,0.2575314939022064,0.21814800798892975
img_fn0mhxef,New_Images_Batch,True,True,976254,195438,1242197,70505,0.9432416919377522,0.6714038252830505,1.0568891763687134,1.5440131425857544,1.5537807941436768,0.635264169881914,1.02005167521068,0.10501064360141754,0.22549140453338623,1.025786280632019,1.5380213260650635,1.3580025434494019,0.2198229872936631,0.6485621508706547,0.10340263694524765,0.0,0.0,0.1588909775018692,0.262403666973114,0.16923707723617554
img_xrv9xvzb,New_Images_Batch,True,True,579064,233464,838906,26378,0.9685566678507485,0.6619861125946045,1.0654293298721313,1.1086175441741943,1.1327828168869019,0.6213327285386948,1.5595339632172105,0.0734415128827095,0.20208615064620972,1.0525588989257812,1.5621652603149414,1.4276946783065796,0.1919950996114844,0.7361285254724802,0.09096955507993698,0.0,0.0,0.08854201436042786,0.09870488941669464,0.12199831008911133
