image_id,batch,bright_topbot_ratio,bright_depth_slope,bright_hotspot_ratio,bright_maxpatch_frac,bright_lr_asym,pore_topbot_ratio,pore_depth_slope,pore_hotspot_ratio,unc_share_of_bright,si_topbot_ratio,si_depth_slope,si_hotspot_ratio,si_maxpatch_frac,si_lr_asym,largest_si_cluster_frac,cracklike_frac,si_near_pore_frac
img_0grcilhi,Batch_3,1.0272246378911174,-0.00026394462688461893,2.24139041100782,0.2219123377148308,0.0378504002344007,0.7063303324866829,0.006562613035014207,2.623328939532626,0.31375112116585824,1.2276483907510893,-0.005140308305844096,3.3289551285967756,0.1635058446912742,0.041676523424459815,0.06909041927622471,0.004299081261311228,0.020455011087202345
img_3806gxp0,Batch_2,1.8808729682835401,-0.008810565318561045,2.907449471619555,0.20242400768600072,0.01323606409867105,1.318052178306294,-0.00612396342134306,2.017282627406871,0.14769204847577821,1.9866195672581681,-0.006492313637818697,3.6363721458581586,0.18112654235600067,0.017536120811303228,0.061393808281775084,0.0152369757679997,0.013423951183287283
img_4ih2ggld,Batch_1,0.9540377953538037,-0.0037718594366705676,2.5008053086892,0.28316995351896124,0.004380389210984187,1.2940322177953913,-0.006283497306668901,1.9307505561555576,0.6455565307224601,0.7849556489262371,2.8119693161971485e-05,5.653390204385802,0.11604928945333677,0.005314572619116411,0.05303349451416617,0.009718761508958304,0.06103157103019418
img_5n1q8atc,Batch_1,1.3232834095153327,-0.0046914852906053866,2.5427073480384164,0.2798816199930678,0.023634559294266652,1.0118951161066767,-0.0006792889329276411,1.792154543662527,0.6839556147488037,1.1920348601540331,-0.003119512416469203,8.97819231823202,0.18273580461966424,0.010393297665604928,0.1968144368840583,0.019764948315435005,0.04348948745044972
img_71vgq3fw,Batch_3,0.9447862085816368,-0.0024788243928451424,3.1226096737907763,0.1837808939220198,0.024147537299145115,0.9131231411786757,-0.00020394532019933666,2.460405953697788,0.288017715131575,1.1019874786418726,-0.0028732105708417833,3.2260492231408486,0.13394076081792677,0.001150952976856072,0.07780485183969703,0.024180661078247217,0.005162303999442384
img_9luzk4jm,Batch_3,0.8462509510963547,-0.0047856976260165305,3.71295900917542,0.21666962148745678,0.0007922351104146935,0.6450270495214316,0.008242432390957597,2.117512779490381,0.07731215758546686,1.4981166924346032,-0.009305109928194345,4.745617925795188,0.21548769317140914,0.0031288359345144068,0.08338645012193524,0.011345348175500125,0.010597219406130032
img_avn74qx1,Batch_2,1.0989133103471447,-0.0008492039171432823,3.3015675850951567,0.1882285832032909,0.004680745838096592,1.2762061627877892,-0.0024147512307602544,2.2956362052525634,0.17087628606772537,0.9047720647751334,0.000841436719235425,4.315639513653286,0.18392147698060293,0.014466884511646183,0.08415798088971373,0.006554895560916604,0.01831819207878769
img_b3esycq1,Batch_2,0.6548711237117697,0.0044491409271199085,2.859794164194277,0.23965295629820052,0.01115810454192849,0.8519357581833734,0.0012997720039087334,1.8766906390129015,0.13147507544286718,0.8471427943216179,-0.0004483016155690538,3.753475675855882,0.2300675997334095,0.014167180551453606,0.054074381654509986,0.007419756447473471,0.008857446043572541
img_cfe5vt7s,Batch_3,1.2777415447061262,-0.006358022504116143,2.4199442458032845,0.19738656754044714,0.004121782047617997,0.8007762094185947,0.005667742538305027,1.5764973365598853,0.10171490424531862,0.923861621728676,-0.0017312303897684764,3.2196171291189164,0.18932432365633386,0.013586711587926223,0.05755254826406796,0.02853071664812635,0.014740864166257086
img_epqdaau9,Batch_2,0.8784110396029615,0.0030267227188614234,2.45658844428985,0.2368648006362774,0.02439909673580587,0.659181535860637,0.007891298095203125,2.185138790331891,0.2034816595190658,0.9424494440077614,0.0009359646023593158,3.7788844621513937,0.1999578370401602,0.03482027054284731,0.05100455551024852,0.027061341407473787,0.024856959930329662
img_f1vzngrs,Batch_1,0.4706069930590793,0.014841545195788472,2.722634006308647,0.27974644729150894,0.0019891291100463393,0.7744871573866574,0.004518107670484814,1.6738317663002342,0.1647247173816336,0.40773581978747686,0.011830207102838868,3.7035239260284074,0.27542953515336777,0.012243854721992922,0.04757900443279204,0.029532151918319552,0.01881776889405286
img_ffwubibz,Batch_1,1.2845502839637462,-0.005707452114642297,4.920156638747527,0.22985175168779193,0.0011497790577527645,0.970288954143222,-0.0015595598760860896,1.656835544651811,0.16508837933999326,1.6129833752058997,-0.007415333913784841,3.7473849146953166,0.14344373944356112,0.0035466177149515235,0.057271992773174886,0.011007981949933453,0.010138126570805893
img_fzrt2k6r,Batch_1,0.7412475040395388,0.0035396929267482074,3.177315838697113,0.2047598627787307,0.014739567785335972,1.094255313761515,0.00046260338557940344,1.9928493829058136,0.16542968356972063,1.188568529935379,-0.0020235940111515316,3.1444798529650484,0.16035688967497547,0.024159831512952805,0.09363227082053063,0.01042243006655173,0.007585878287510799
img_hawkfj64,Batch_3,0.9563086313727547,-0.0018047807848830604,2.3949850293070702,0.1708739225649158,0.006870960730676959,0.8684340975670045,-5.938167034949376e-05,1.7475113777506057,0.2532301175696394,0.6683368095800205,0.003265878424382394,3.9757665617667675,0.1548809562337508,0.0039984413313767925,0.08272258637068891,0.014319767340206666,0.019308141075847773
img_hzumfsms,Batch_3,0.6571561727708843,0.0074548745102400865,2.486734330762007,0.14733049427258926,0.021338745936167858,0.7502134979355783,0.00035838294872898727,2.662675151854606,0.1548385507429547,0.7644952551137825,0.005099463088445167,2.3998303411323336,0.11286005796415685,0.008222929594553015,0.08515077162356033,0.006814487108441769,0.01156966064652803
img_i9jiqjwl,Batch_2,1.160990098494722,-0.005869365104689135,3.41842088777561,0.26709669834250144,0.008306950879325675,1.3603892078523854,-0.004426472838108828,2.150653761873836,0.1998781566781313,0.9432161753590323,-0.004209191186473047,4.550078174103369,0.22407318225701062,0.012412751731883158,0.07675501938925387,0.013520477603735839,0.012261424091019898
img_iv6g2oq0,Batch_1,0.9030494262445937,-0.0016659827740598014,2.3095349523158206,0.1769215139904795,0.03526891687201862,1.0316484605557836,-0.004819946279417376,1.7551112486294727,0.11782447042452747,0.9448094782714892,-0.001288084092050745,2.464205761361386,0.1436026936026936,0.03676828224564078,0.05783392421263398,0.020230567729797904,0.015063551778056445
img_kbdh4tri,Batch_3,1.0768363208712677,0.0035740519477494687,3.4988701611112587,0.22445232224362385,0.007874926816815897,0.921970347120886,0.003834896419711783,2.028677110631356,0.23136303221871454,0.7060721203727558,0.007542193254632797,3.0647941361528845,0.1450449819722057,0.007960665599325185,0.05310834473847398,0.0337716524403961,0.003175682874259349
img_mgxahqnk,Batch_3,0.8244016833813418,0.0015388257421000298,5.4278947698030455,0.43063183468516486,0.046806440495603785,0.9475931122226676,-0.001132151833318936,2.006415700512475,0.20348400778800405,0.7987202296410365,-0.00010304007228379707,9.076771850528264,0.42945225121881275,0.047615345080587256,0.09933059563025352,0.014312191247273919,0.014613072003283552
img_pl8uabbv,Batch_3,1.1121307606829804,-0.0037687231254301787,3.3191124567081545,0.20472175684444474,0.006369022940155941,0.8986283635145833,0.00112403463445984,2.4982480135623537,0.10393934137576666,0.9355999136005189,-0.0014866405902043958,4.801593504672232,0.20127155528122762,0.0010960123415543338,0.059019018023617156,0.00993966395850167,0.021771535114978247
img_ptg8lmto,Batch_3,0.6634694301011989,0.0030162194775281577,3.119401623643164,0.21806194086477457,0.02617940467925256,1.1038334550789424,-0.001606125745062987,2.167764176460659,0.16858496014785723,0.6111801268539997,0.0021083847417809904,4.614135466863422,0.2158365587558265,0.0250044855070254,0.1038403831683123,0.018555182738330938,0.01602639929544896
img_r17byphk,Batch_2,2.377081336859105,-0.015276054622013376,2.8040294511827404,0.18372926560842365,0.002740480796711145,0.8144780888685387,0.003518500838421794,2.1749705351433493,0.16482038915759162,2.142061384767408,-0.009059752537401251,3.062998508925847,0.1524628441685918,0.008502566667399479,0.07172566119574691,0.013151818554435507,0.029668799028254093
img_rxax5ozo,Batch_2,0.5804465039990038,0.005057783201602863,4.259855188626428,0.28099037959579387,0.007342385196544135,0.9697950017841502,-0.0016664185268756892,1.5939541086315208,0.196197081195086,0.7077245237975828,0.00015516501409625728,7.568647861989675,0.28062743928207423,0.019505849419259334,0.0639584228100375,0.009275291489213154,0.01194136631924073
img_tuy3zymq,Batch_3,1.5570042975053962,-0.0041848681428188605,3.2630543102650043,0.1529175754032792,0.006025993557105078,1.1219294655603815,-0.00021755850315009217,1.9293480538915517,0.38145075315538307,1.337521236654991,-0.0004264982903385727,5.896782622847264,0.13985924887766343,0.012585565362641753,0.06309108712265954,0.011873743131009775,0.00550089160616482
img_ufdvpb81,Batch_3,0.8326496533197808,-1.917038459498482e-05,3.1139657896544617,0.16757112438634886,0.03492076006390441,0.5383690235947857,0.013209005059385957,1.8338420884778348,0.16978319943990222,1.2659552965939265,-0.0031419134061760985,3.4613573407202214,0.12317876224837838,0.024536156471635574,0.06794985716488827,0.011035056578655425,0.0091238222529026
img_uhdslk0o,Batch_1,0.43286414261223366,0.006223831313444174,3.5897949828387183,0.2359307713719647,0.0012743762655591656,1.1677737419579557,-0.002222803283207936,2.288246050796721,0.12892033546105006,0.5104032058838003,0.0017534170956514429,3.8028155035410145,0.18321388382078202,0.007453041294473189,0.0771571472252137,0.018529339402140486,0.013885904235397267
img_utfgcjfa,Batch_3,1.122466256152511,0.0008850114856707904,2.5609335133713476,0.2015387674944689,0.010331043630102399,1.064337304267083,0.0033551430896389105,2.315695272426214,0.16214205539168342,1.4756019806435896,-0.0022970216673066936,4.399565678549414,0.19602008601188256,0.011030316673755737,0.05948025850306437,0.01951315527268415,0.016192518229506007
img_vc2whyaq,Batch_3,0.9380482572853649,-0.0008297964898688019,3.031912638180936,0.1729982350162826,0.009257549683993713,0.5925954010598451,0.005580649759804953,1.8878366839127143,0.09208815708832599,1.077076990859411,-0.0018079246030977656,3.433383445224787,0.1566708926840182,0.013358196290401851,0.05823680932492377,0.011537534719139599,0.009691292266242806
img_x77cy643,Batch_3,0.7461593059538615,0.00591626386376068,3.6686180974513936,0.24363500653106923,0.02746551479051676,0.5153871734283495,0.008831256048790188,1.7017507596607526,0.12003023094827323,0.94610952570787,0.0038514245573401905,4.3451912338141465,0.24308764072899172,0.030698736524094432,0.05766037324439159,0.017576959910732853,0.010554092373292847
img_x7u69zsw,Batch_3,0.6739072531365411,0.003375840650327769,3.507859146090899,0.25555217599425584,0.005883234322150294,1.0146393308120216,0.0007426903797915928,2.0172756640994987,0.4463084700988355,1.4456683956385907,-0.003728184571377933,4.357729395756637,0.14418205752124139,0.007773927085963535,0.07170531325785576,0.021044112970013004,0.004120790050448067
img_xgj4xftb,Batch_3,2.237761253898977,-0.014824178534204126,2.5564822113120225,0.20618309480873268,0.002832251965644919,1.8293879737038927,-0.009804716417520806,2.6297266941220516,0.2679935414888124,2.613568425332408,-0.011899396666125685,4.289824503277767,0.18668660370982038,0.007633871996039987,0.12035858996923601,0.00857419874140202,0.016053394763364117
img_3e122cbj,New_Images_Batch,1.4604868942629754,-0.008382653038546083,1.9921251270140803,0.2439365795998898,0.01352059475602825,1.333149103714754,-0.0030214964841387706,1.8376092610393946,0.5844003463161281,1.0317228892700592,-0.0006248879498489414,2.6126209122075865,0.08661870439659079,0.011810888484232472,0.04671420378185429,0.017476652177079333,0.05860418931527722
img_fn0mhxef,New_Images_Batch,1.2557064214922253,-0.0045171755020457696,2.5089851565975665,0.2035522318298668,0.02285460466383253,1.7279410071738004,-0.00694296648563959,1.8137720946504474,0.15733253260151167,1.3714412207540811,-0.0072172308355239,3.304509499690996,0.1994511831977625,0.018923375428693913,0.06252880910091022,0.020960760118628546,0.010902900269806833
img_xrv9xvzb,New_Images_Batch,0.9581886440834061,-0.0015619522537755255,4.521681522524693,0.18502691192996984,0.006995430549943664,0.5202703237604663,0.013711635179837919,1.6019957456108305,0.27829578045692843,1.191895343886674,-0.0006102611536676381,4.030485258498287,0.11892756451962698,0.009922648945128273,0.07149468797922164,0.011197505992447692,0.008315143058452951
