image_id,batch,path,n_px,pixel_um,height_um,width_um,pore_frac,bright_frac_raw,bulk_frac,pores_per_mpx,pore_d50_um,pore_chord_h_um,pore_chord_v_um,pore_anisotropy,img_p1,img_p50,img_p99,si_bulk_contrast,noise_mad,sharpness_lapvar,shading_slope,has_inlens,has_second_channel,si_n_particles,si_d50_um,si_d90_um,si_candidate_frac,si_clustering_R,uncertain_bright_frac,label_frac_sum,pores_per_mpx_noise_adj,is_disputed,diagnostic_status,si_contact_area_frac,si_enclosed_share,si_patchiness,si_sv_um_inv,pore_largest_region_frac,obj_pore_aw_s_dir_2d,obj_pore_aw_s_x_2d,tex_all_s_dir_2d,group_id
img_4ih2ggld,Batch_1,./Batch_1/img_4ih2ggld_BSE.tif,16198104,0.0250000551182317,57.900127653824754,174.8503854969129,0.1201901778134033,0.1247162630885688,0.7550935590980278,196.01059482023328,0.2185101678731166,0.5929610914341129,0.5344515340964427,1.109475889963695,0.0,57.0,116.0,1.7671669721603394,11.976543426513672,74.24932861328125,0.0024999449032294,1,1,717,1.233472023800933,3.637315976488267,0.0300416023998858,0.676978680929053,0.094674660688683,1.0,182.45438767889232,True,complete,0.6654576391700249,0.5801952580195258,0.2161428532761575,1.127275142819184,0.0453921838041353,0.666114019328752,0.6632600548252404,0.1183032010051388,2316
img_5n1q8atc,Batch_1,./Batch_1/img_5n1q8atc_BSE.tif,16207368,0.0250000551182317,57.900127653824754,174.95038571738584,0.0883879479999466,0.1189210364076387,0.7926910155924145,232.98045678977613,0.2148374665069845,0.4302642962041815,0.4112993426149166,1.046109856312173,0.0,59.0,119.0,1.8181509971618652,11.984970092773438,74.77194213867188,0.0018447094274566,1,1,503,1.4497367018002385,8.02197879003895,0.0258069046127662,0.6418842822259084,0.0931141317948725,1.0,219.3721424162691,True,complete,0.6456670699226801,0.6560636182902585,0.4280487919352308,0.9218177806538358,0.0322525926050026,0.4273340794913859,0.4218045462244445,0.1082272466550186,2316
img_f1vzngrs,Batch_1,./Batch_1/img_f1vzngrs_BSE.tif,15031704,0.0249997039405139,53.69936406422399,174.94792817571673,0.0756737892124538,0.1073739876729877,0.8169522231145584,196.05229054536997,0.232618569794072,0.4084412448373876,0.3608017715792059,1.132037803056417,0.0,52.0,131.0,2.3628718852996826,11.069252014160156,60.926082611083984,0.0012062640232208,1,1,512,2.905773442556576,5.41195035140798,0.0839381217192674,0.6767364984857663,0.0234358659537202,1.0,188.1064212064795,False,complete,0.4117121636862374,0.70703125,0.1444895849990922,0.5493562140393398,0.0274265720740916,0.5540172520620621,0.52145255449464,0.3161495728975169,2148
img_ffwubibz,Batch_1,./Batch_1/img_ffwubibz_BSE.tif,14555840,0.0250002236240475,52.000465138018875,174.95156492108464,0.0945138858355134,0.0578497702640314,0.8476363439004551,123.45560269967244,0.2459267377539195,0.581728475315652,0.4769460373597639,1.2196945351216957,0.0,59.0,128.0,2.16745924949646,10.604211807250977,55.66669845581055,-0.0009266472355131,1,1,252,2.528080450950864,5.264698392929697,0.0460869314309582,0.581056753366371,0.0117628388330731,1.0,118.38536143017384,False,complete,0.1697081543273,0.7857142857142857,0.0973234004787872,0.2774996152746939,0.0366235186025144,0.5849790800829788,0.5844713416897581,0.2353367852347264,2080
img_fzrt2k6r,Batch_1,./Batch_1/img_fzrt2k6r_BSE.tif,15087688,0.0250003968566934,53.900855623031,174.9527772031405,0.1052970474999217,0.075755079240769,0.8189478732593092,134.08283628346504,0.2393691679908018,0.591814511292517,0.492587906411472,1.2014393849088094,0.0,62.0,131.0,2.110973596572876,10.98740005493164,60.68644332885742,0.0021603070142339,1,1,336,2.339127903340685,3.7985443826316905,0.0595351653613197,0.6738894612535475,0.0162199138794492,1.0,126.64310767820407,False,complete,0.1345686269270847,0.8779761904761905,0.3843916935010127,0.3611660050234337,0.0479686029640866,0.6372739935042889,0.6334568005103324,0.1753731290822016,2156
img_iv6g2oq0,Batch_1,./Batch_1/img_iv6g2oq0_BSE.tif,12385240,0.0250004409526593,44.5007848957336,173.9530681486036,0.1148465431432899,0.077287884611037,0.8078655722456731,126.27934541438034,0.2434884803245759,0.6553393143015411,0.5237521681976041,1.2512393343530583,0.0,57.0,135.0,2.1773650646209717,10.891627311706545,59.28718185424805,0.0077778354162642,1,1,354,2.600500268363388,5.282487397800839,0.0625838498083202,0.6897045360398663,0.0147040348027167,1.0,119.43183826569236,False,complete,0.4830541493144252,0.7372881355932204,0.3543271357958019,0.4254838824277931,0.0478958098987626,0.6864820228869953,0.6625387022078699,0.2451295634992919,1780
img_uhdslk0o,Batch_1,./Batch_1/img_uhdslk0o_BSE.tif,13156240,0.0249998330719807,46.9996861753238,174.94883183772126,0.1038041264069369,0.0764126376533112,0.8197832359397518,142.8219612898518,0.2326197713433859,0.5585441879245835,0.4782000676659489,1.168013611229264,0.0,60.0,133.0,2.1676549911499023,11.071206092834473,61.19684600830078,-7.416485560608888e-05,1,1,321,3.5662448526972783,6.007779532743536,0.0618984603503736,0.6804898506591395,0.0145141773029376,1.0,134.86400868718718,False,complete,0.499097439675815,0.719626168224299,0.4128291776554577,0.3668768584337166,0.0709254185112991,0.4780305985713057,0.475265179106712,0.184283303867223,1880
img_3806gxp0,Batch_2,./Batch_2/img_3806gxp0_BSE.tif,14331904,0.024999707090046,51.19940012041434,174.94795021614237,0.1210945175183981,0.0844792848179837,0.7944261976636182,120.0119677050586,0.2442983936206748,0.5998281095818132,0.5453071909807239,1.0999820275669472,0.0,49.0,127.0,2.325650453567505,10.642619132995604,55.562278747558594,0.0046054175393533,1,1,407,3.633217266874985,5.840159110739946,0.0649251488148399,0.7198826478402242,0.0195541360031437,1.0,114.70423044630869,False,complete,0.4438613648576034,0.8034398034398035,0.1612891803567402,0.5103746159617034,0.0396020093136458,0.5192705950027247,0.4894194018371205,0.1566556329287969,2048
img_avn74qx1,Batch_2,./Batch_2/img_avn74qx1_BSE.tif,14331904,0.024999707090046,51.19940012041434,174.94795021614237,0.1135781400712703,0.0693773834934981,0.8170444764352315,113.73227172049155,0.2475342749243546,0.6588249288274377,0.5719668606821439,1.1518585675430644,0.0,49.0,123.0,2.1926050186157227,10.609912872314451,55.38758087158203,0.005601063891195,1,1,350,2.763582202768376,6.2167017812006415,0.051619868511539,0.6978811755332567,0.0177575149819591,1.0,108.62677727830297,False,complete,0.3780092185831497,0.7257142857142858,0.500047278595107,0.4495145934552729,0.0659131720065143,0.6748282846111208,0.6555660507222555,0.162399835788173,2048
img_b3esycq1,Batch_2,./Batch_2/img_b3esycq1_BSE.tif,15087688,0.0250003968566934,53.900855623031,174.9527772031405,0.1083370096200292,0.0915653213401549,0.8000976690398158,137.3305174391199,0.2410257217911618,0.5830376190856268,0.4921776230198547,1.1846081410777725,0.0,62.0,134.0,2.1728625297546387,11.00385856628418,60.9019775390625,-0.0008537987427433,1,1,408,2.7304490327620554,5.140997971752215,0.0761383056171363,0.6692068881501432,0.0154270157230186,1.0,129.78901579031862,False,complete,0.2484167587231697,0.8186274509803921,0.3153971963253924,0.370185279547138,0.0406147984279484,0.6348904912951931,0.6346685836930748,0.1909994520483589,2156
img_epqdaau9,Batch_2,./Batch_2/img_epqdaau9_BSE.tif,15031704,0.0249997039405139,53.69936406422399,174.94792817571673,0.093687448874725,0.1029095570269345,0.8034029940983404,183.54539179323916,0.2239031479766317,0.4814187289214545,0.4204580345469569,1.14498639427876,0.0,52.0,133.0,2.350109815597534,11.136944770812988,61.35929107666016,0.0006922137857189,1,1,607,2.4905700477726467,6.1603025277148395,0.0721117180061555,0.6927417455521319,0.030797839020779,1.0,175.1809367315804,False,complete,0.4675641217247226,0.6705107084019769,0.3204616012755,0.7074753467737257,0.0350767316819618,0.5046652398298729,0.5036227735279238,0.2073291349101551,2148
img_i9jiqjwl,Batch_2,./Batch_2/img_i9jiqjwl_BSE.tif,15899456,0.0250002063009149,56.800468715678846,174.95144369380307,0.0951954582597039,0.0833142970426158,0.8214902446976802,127.803114773235,0.2443032719343653,0.5400047415228291,0.4730847700538568,1.1414545039388058,0.0,56.0,127.0,2.206291437149048,11.004752159118652,59.850677490234375,0.0005211693191343,1,1,445,2.3757337413882036,4.590468987467505,0.0614054971440532,0.6400083329162063,0.0219087998985625,1.0,120.25608749331788,False,complete,0.2563189134654287,0.8112359550561797,0.2819804074302515,0.4811409899810408,0.0347803680738394,0.3674047147812659,0.3674037950282621,0.2225240669815693,2272
img_r17byphk,Batch_2,./Batch_2/img_r17byphk_BSE.tif,14555840,0.0250002236240475,52.000465138018875,174.95156492108464,0.1270504484797854,0.07470012036406,0.7982494311561545,132.73023061534064,0.2343276289283444,0.6526016451939491,0.5355942118320397,1.2184628414143552,0.0,56.0,126.0,2.0506434440612793,10.621308326721191,55.842864990234375,0.0029726893854716,1,1,575,2.068937542163599,6.447953756280726,0.0566718925187416,0.6216458991085347,0.0180282278453184,1.0,127.55427110783374,False,complete,0.4647286657251441,0.6226086956521739,0.3145446143259485,0.4792165893552004,0.0627260619674076,0.7303707193605443,0.730271333639112,0.2175742040184519,2080
img_rxax5ozo,Batch_2,./Batch_2/img_rxax5ozo_BSE.tif,14471864,0.0249992016003016,51.69834890942381,174.94441279891092,0.0989713557286055,0.0843312927761067,0.8166973514952877,103.85669738189912,0.2600702415276535,0.5828142072710589,0.498092234369386,1.1700929407360383,0.0,55.0,130.0,2.2575929164886475,10.056482315063477,51.053749084472656,0.0006133498902246,1,1,415,2.666258121990027,4.43539468150224,0.0606548679561941,0.6977862107125961,0.0236764248199126,1.0,102.17340261458916,False,complete,0.2431298118658704,0.7783132530120482,0.4488194780998147,0.558341344280184,0.0537233819730503,0.5626065272335525,0.5622150178431493,0.1815380766902072,2068
img_0grcilhi,Batch_3,./Batch_3/img_0grcilhi_BSE.tif,13324192,0.0250005480435098,47.60104347484279,174.95383520848205,0.1496636343877362,0.1070211987338519,0.7433151668784118,105.37224320994474,0.2646341725345207,0.8151265144913684,0.6840852915738779,1.191556849023904,0.0,55.0,129.0,2.0036795139312744,9.808147430419922,48.15771484375,-0.0027568008513479,1,1,542,2.1262932063751907,4.246734413192965,0.0663042832165732,0.7199888286152328,0.0407169155172786,1.0,105.22455494349305,False,complete,0.3534621906191352,0.7767527675276753,0.3599444787082901,0.7201367257391668,0.118523239737853,0.7467537184228575,0.7340329468400556,0.2482406702337806,1904
img_71vgq3fw,Batch_3,./Batch_3/img_71vgq3fw_BSE.tif,14415880,0.0250001448827294,51.50029845842256,174.95101388934032,0.0692799884571736,0.0694496624555698,0.8612703490872565,98.84932449493198,0.2676201683555448,0.5180497686374276,0.4590884714916818,1.1284312301595534,23.0,62.0,118.0,2.348634958267212,7.303791522979736,27.078168869018555,0.000455100969582,1,1,259,2.4474054916057626,4.719292801710604,0.0477699592393943,0.6298631424845007,0.0216797032161754,1.0,114.18760074549844,False,complete,0.0411227248833217,0.9691119691119692,0.3390577741983233,0.263742483982941,0.0584380995101789,0.4897326848119799,0.4883228883588874,0.1925119069547271,2060
img_9luzk4jm,Batch_3,./Batch_3/img_9luzk4jm_BSE.tif,14611824,0.025000283467781,52.20059188072683,174.9519837075318,0.1328899800599843,0.0681799890280638,0.7989300309119518,110.86911531373497,0.2538881913287384,0.6592071730125321,0.5755421173240685,1.1453673904482555,6.0,59.0,120.0,2.197842836380005,7.655916690826416,30.66952896118164,0.0003339992430904,1,1,317,3.107524478311224,5.84329850553198,0.0610934678654766,0.6046362502968359,0.0070865211625872,1.0,124.02998625277102,False,complete,0.2251312888713638,0.832807570977918,0.2022413019632451,0.251960330209288,0.0474418159120966,0.6784205788428386,0.628386754204378,0.1548262191510706,2088
img_cfe5vt7s,Batch_3,./Batch_3/img_cfe5vt7s_BSE.tif,14555840,0.0250002236240475,52.000465138018875,174.95156492108464,0.1103618204102271,0.0800981599138215,0.8095400196759514,140.56213863301602,0.2426692861458589,0.5839161393422689,0.4916639231135313,1.1876326732385354,0.0,58.0,133.0,2.2707128524780273,10.678589820861816,56.20077896118164,0.0007127063229898,1,1,451,2.466966694063131,5.260479440725418,0.068072402554576,0.6186368282891122,0.0120257573592455,1.0,135.03197260753453,False,complete,0.3989913720630044,0.7649667405764967,0.1858288184799087,0.3766515707784642,0.0352712167324759,0.5372419041300766,0.5360583793820045,0.2021858431623064,2080
img_hawkfj64,Batch_3,./Batch_3/img_hawkfj64_BSE.tif,13324192,0.0250005480435098,47.60104347484279,174.95383520848205,0.103019229984077,0.0757283443528883,0.8212524256630346,118.9565566152154,0.258549815028998,0.6264503882955045,0.510501804034806,1.227126688572472,1.0,55.0,128.0,2.2071774005889893,9.715728759765623,47.298683166503906,0.0003429241698872,1,1,334,2.3817864008025302,5.054247423810251,0.0504032064383341,0.7026112554205163,0.0253251379145542,1.0,119.3803495229093,False,complete,0.371440313408767,0.7544910179640718,0.2384539644015548,0.5317155441770878,0.0788573784775342,0.6150748073144752,0.6041868827907909,0.2258690750396089,1904
img_hzumfsms,Batch_3,./Batch_3/img_hzumfsms_BSE.tif,14611824,0.025000283467781,52.20059188072683,174.9519837075318,0.1488168075388808,0.063895992724796,0.7872871997363231,107.9262931171358,0.2661307118496995,0.7753699993786781,0.6464520821513768,1.199423779096303,3.0,59.0,117.0,2.0651259422302246,7.631314277648926,30.69217109680176,0.0011033185545174,1,1,265,2.5546119117644017,5.623323183403456,0.0510429088113845,0.5781088366953732,0.0128530839134114,1.0,121.2392958264078,False,complete,0.3204966279178901,0.7811320754716982,0.3729137383494462,0.3034282372960418,0.1182192565136112,0.7331072568367448,0.7306215928533824,0.200219284743733,2088
img_kbdh4tri,Batch_3,./Batch_3/img_kbdh4tri_BSE.tif,14415880,0.0250001448827294,51.50029845842256,174.95101388934032,0.0653715208506175,0.0698314636359348,0.8647970155134477,101.69341032250546,0.2778327591982283,0.5007297727093067,0.4212077901767367,1.1887951371915582,24.0,63.0,118.0,2.32270884513855,7.3534345626831055,27.452817916870117,-0.0002149558447362,1,1,269,2.6253651460319634,5.2280793370984595,0.0507860775755625,0.6457646813570823,0.0190453860603723,1.0,116.7247132914072,False,complete,0.0307856844313683,0.9516728624535316,0.2348832997177839,0.3415233756107848,0.0274674841652102,0.5493398567394971,0.5493024688117208,0.2087262340574885,2060
img_mgxahqnk,Batch_3,./Batch_3/img_mgxahqnk_BSE.tif,13324192,0.0250005480435098,47.60104347484279,174.95383520848205,0.1077145991291629,0.0954814370732574,0.7968039637975797,111.7516169085525,0.2676244840887716,0.6199854262281127,0.5176592976530829,1.1976708020872933,1.0,56.0,133.0,2.309058904647827,9.784263610839844,47.818824768066406,0.0005607841839157,1,1,374,2.8026726512630185,6.775785879322068,0.0709474916002411,0.713368525523975,0.0245339454730163,1.0,111.7516169085525,False,complete,0.3309126337247003,0.7754010695187166,0.4936909088239492,0.487486220552811,0.0395586984195333,0.5166350971463892,0.5163672562938404,0.2112355308183713,1904
img_pl8uabbv,Batch_3,./Batch_3/img_pl8uabbv_BSE.tif,15899456,0.0250002063009149,56.800468715678846,174.95144369380307,0.1149680215474038,0.0768695482411473,0.8081624302114487,126.79679103486308,0.2426691179956746,0.598799770738174,0.5304785144223205,1.1287917501998246,0.0,53.0,127.0,2.228853702545166,10.983226776123049,59.464141845703125,0.0007523445522258,1,1,505,2.3223677764630724,5.200703562531377,0.0632490193375169,0.6950336843618815,0.0136205289036304,1.0,119.38286836531498,False,complete,0.4898938571596199,0.6376237623762376,0.2053029051547845,0.4418465638069628,0.0570925113024145,0.5797171487117123,0.5785044196826792,0.1348424087008718,2272
img_ptg8lmto,Batch_3,./Batch_3/img_ptg8lmto_BSE.tif,11280776,0.024999850394596,40.299758836088856,174.94895306138326,0.0893239082134065,0.0767411745433115,0.8339349172432818,108.32588112732672,0.2562226091220272,0.5537440484296572,0.4505539920795901,1.2290292798733844,4.0,57.0,133.0,2.3599748611450195,10.017045974731444,53.466156005859375,0.0001920863118074,1,1,319,2.662676007812665,6.093081962286004,0.0580783626941976,0.6946184122884524,0.0186628118491139,1.0,106.8864453759212,False,complete,0.3968279891569796,0.7021943573667712,0.3089716051128389,0.4773749607296519,0.1051729527760272,0.6128498650734988,0.6108897277714945,0.2201663509073586,1612
img_tuy3zymq,Batch_3,./Batch_3/img_tuy3zymq_BSE.tif,14415880,0.0250001448827294,51.50029845842256,174.95101388934032,0.0732661481643853,0.0618794690299863,0.8648543828056282,94.2710399920088,0.2918028126556921,0.5563643705132587,0.4647304203695881,1.1971765697429413,24.0,63.0,116.0,2.2389981746673584,7.342140197753906,27.3193359375,0.000111789270134,1,1,262,1.88173948770526,3.671773363396484,0.0348548961284361,0.6580892166504244,0.0270245729015502,1.0,109.37218292815172,False,complete,0.0137561820226284,0.9580152671755724,0.3461357092800549,0.3634519710208464,0.0288345556420292,0.5392581494746539,0.4864108879366652,0.206658017653344,2060
img_ufdvpb81,Batch_3,./Batch_3/img_ufdvpb81_BSE.tif,14611824,0.025000283467781,52.20059188072683,174.9519837075318,0.1233795315355564,0.0576731556580478,0.8189473128063957,102.51971280245368,0.2676216518731416,0.6715515546043401,0.582193515929932,1.153485114879161,3.0,59.0,117.0,2.15042495727539,7.588351249694824,30.58948135375977,-0.0009273357173344,1,1,344,1.8452195533363225,4.79725366746286,0.0465961675968722,0.5566142884303591,0.0110769880611756,1.0,116.09838219450997,False,complete,0.2536002526235395,0.8953488372093024,0.2825344746556339,0.2393677887168638,0.0927822356531665,0.5731660204958337,0.5611010173283235,0.1214799208896838,2088
img_utfgcjfa,Batch_3,./Batch_3/img_utfgcjfa_BSE.tif,14463592,0.0249992016003016,51.69834890942381,174.8444159925097,0.1131062048763543,0.0847568155960151,0.8021369795276305,114.14868450382173,0.2600702415276535,0.6164625778985645,0.5346818308802515,1.1529521713570792,0.0,54.0,131.0,2.3317511081695557,10.03257656097412,50.68514633178711,-0.0004327964276189,1,1,409,3.359045605674676,6.218152057339986,0.0642009951608148,0.6934310166875298,0.0205558204352003,1.0,112.61321363745192,False,complete,0.3537524122958164,0.6821515892420538,0.1768267083948431,0.5178215757192266,0.0957121532392051,0.5115901424197882,0.5089806854543931,0.1602278835195929,2068
img_vc2whyaq,Batch_3,./Batch_3/img_vc2whyaq_BSE.tif,14471864,0.0249992016003016,51.69834890942381,174.94441279891092,0.1089659217361357,0.0715944400804208,0.8194396381834435,98.74332705171912,0.2554395405228976,0.6406474522073565,0.5137586302057744,1.2469813927033395,1.0,55.0,131.0,2.390209197998047,10.096875190734863,51.31543731689453,0.0019112571544439,1,1,322,2.666332011616805,5.580844810110446,0.0612972178290232,0.6694115530437695,0.0102972222513976,1.0,96.81025842537856,False,complete,0.460426431829301,0.8043478260869565,0.1438927388097282,0.3325542583871711,0.0833271504767775,0.6569573538739182,0.6542671019779862,0.2399450874075223,2068
img_x77cy643,Batch_3,./Batch_3/img_x77cy643_BSE.tif,14463592,0.0249992016003016,51.69834890942381,174.8444159925097,0.1110350734451027,0.0837968189368173,0.8051681076180799,119.61067485863816,0.2600702415276535,0.5775175896491561,0.5064954431563348,1.1402226761414311,0.0,55.0,131.0,2.368518590927124,10.127110481262209,51.250770568847656,1.6125745261038438e-05,1,1,346,2.528006080778624,4.451422119179547,0.0684899712325956,0.7295618593981206,0.0153068477042217,1.0,117.49064293571618,False,complete,0.4346444849359734,0.7832369942196532,0.3828193871439973,0.4501011920137127,0.0528515121513832,0.5902796717521762,0.5886453274564809,0.1406653260030824,2068
img_x7u69zsw,Batch_3,./Batch_3/img_x7u69zsw_BSE.tif,14415880,0.0250001448827294,51.50029845842256,174.95101388934032,0.0660877449035369,0.0822430541874654,0.8516692009089976,97.53133350166624,0.2869898206184098,0.5108410301696465,0.4286118954770518,1.1918498659517425,25.0,63.0,121.0,2.3769338130950928,7.383126735687256,27.81571578979492,-7.204683196446654e-05,1,1,316,1.9512466549590648,4.042468041549901,0.0427911442104124,0.5315110472061608,0.039451909977053,1.0,112.37903160186326,False,complete,0.0462543282885266,0.981012658227848,0.1635828151980941,0.3627527421149454,0.0442127316544769,0.4474722902845198,0.4466309361392799,0.2094114161562796,2060
img_xgj4xftb,Batch_3,./Batch_3/img_xgj4xftb_BSE.tif,11280776,0.024999850394596,40.299758836088856,174.94895306138326,0.0969153185915578,0.0945962405423173,0.8084884408661248,119.22938634718038,0.2538837932919006,0.5719034219707474,0.4893881079232212,1.1686091523508613,6.0,57.0,134.0,2.271599054336548,9.957276344299316,50.4769172668457,0.0023269489090646,1,1,361,3.023326384241747,6.312963665678151,0.0603385795445277,0.6649339180956202,0.0342576609977895,1.0,118.15954278245944,False,complete,0.3829440577316922,0.7617728531855956,0.4970929491989694,0.6762336208076466,0.0914439275502569,0.5639724438228061,0.5594726624944765,0.2109658543426867,1612
