column,plain_name,group,unit,what_it_measures,how_it_is_measured,feeds_dfn_parameter,high_value_warns,caveat
batch,batch,Other,?,,,,,
image_id,image_id,Other,?,,,,,
h_px,h_px,Other,?,,,,,
w_px,w_px,Other,?,,,,,
n_px,n_px,Other,?,,,,,
pore_frac_resolved,Resolved porosity (image-visible pores),A. Composition,fraction,Share of the image that is empty space (dark regions) large enough to see.,Pixel counting on the segmented map (Delesse: area fraction = volume fraction).,,Low -> fewer channels for lithium; high can mean loose coating or pull-out artefacts.,Only pores above ~0.35 um are counted; true electrode porosity is typically 25-40 %.
porosity_est,Estimated total porosity,A. Composition,fraction,Resolved porosity plus a correction for pores too small to see.,pore_frac_resolved + delta_lit (0.15-0.30 literature band). ASSUMED component — swept as uncertainty.,Negative electrode porosity,"Feeds electrolyte transport; treated as a range, not a point.","The delta is assumed from literature, not measured."
si_frac_total,Silicon fraction (of coating),A. Composition,fraction,Share of the image that is classified silicon particles.,Area of si_particle objects / image area.,(with si_frac_of_solid) Secondary active-material fraction,"High -> more swelling demand, more SEI surface.",
bright_frac_raw,Raw bright fraction (all bright objects),A. Composition,fraction,Bright pixels BEFORE the si_particle/bright_fine split — what naive thresholding would call silicon.,Pixel counting on the raw bright phase.,,Compare with si_frac_total — a big gap means overcounting.,
bright_fine_frac,Ambiguous bright-material fraction,A. Composition,fraction,"Bright objects that failed the silicon test (edges, carbon-binder, fines).",Object classifier: interior brightness + compactness.,,Elevated -> low-contrast photo overcounting Si; trust si_frac_total instead of the raw bright fraction.,Guard rail — not a physical phase claim.
gr_frac,Graphite (+binder) fraction,A. Composition,fraction,Share of the image that is grey bulk material.,Pixel counting (binder has no BSE contrast — merged with graphite by design).,Primary: Negative electrode active material volume fraction,,Includes invisible carbon-binder phase.
si_frac_of_solid,Silicon share of the solid material,A. Composition,fraction,Silicon area divided by all solid area (Si + graphite).,si_frac_total / (1 - pore_frac_resolved).,Secondary: Negative electrode active material volume fraction,High -> greater lithiation swelling per unit coating.,
si_per_mpx,Si particle count density,B. Silicon particles,per Mpx,Number of silicon particles per million pixels.,Count of classified si_particle objects.,,High -> finer Si distribution.,
bright_fine_per_mpx,Bright-fine count density,B. Silicon particles,per Mpx,Number of ambiguous bright objects per million pixels.,Count of bright_fine objects.,,,
si_d10_num_um,"Si particle diameter, 10th pct (count-weighted)",B. Silicon particles,um,Small end of the silicon size distribution.,10th percentile of equivalent diameters.,,,
si_d50_num_um,"Si particle diameter, median (count-weighted)",B. Silicon particles,um,Typical silicon particle size counting every particle equally.,Equivalent-circle diameter of each watershed-split si_particle; 50th percentile.,,Rising -> coarser Si grade.,2D sections under-read true 3D size (~0.785x).
si_d90_num_um,"Si particle diameter, 90th pct (count-weighted)",B. Silicon particles,um,Large end of the size distribution counting all particles equally.,90th percentile of equivalent diameters.,,,
si_d50_aw_um,"Si particle diameter, median (area-weighted)",B. Silicon particles,um,Particle size where most of the silicon *mass* lives.,Area-weighted quantile of equivalent diameters.,(basis for) Secondary particle radius,Rising -> coarser Si grade / worse cracking risk.,
si_d90_aw_um,"Si particle diameter, 90th pct (area-weighted)",B. Silicon particles,um,Size of the large end of the silicon distribution.,Area-weighted 90th percentile.,,High -> large-particle tail; crack/pulverization risk.,
si_dmean_aw_um,"Si particle diameter, mean (area-weighted)",B. Silicon particles,um,Average size where the silicon mass sits.,Area-weighted mean of equivalent diameters.,(basis for) Secondary particle radius,,
si_dmax_um,Largest Si particle,B. Silicon particles,um,Biggest silicon particle fully inside the frame.,Max equivalent diameter of non-border objects.,,Very large -> single-particle cracking hazard.,
si_frac_gt3um,Si area share in particles > 3 um,B. Silicon particles,fraction,How much silicon sits in large particles.,Area-weighted tail of the size distribution.,,High -> larger fraction at cracking risk on lithiation.,
si_frac_gt5um,Si area share in particles > 5 um,B. Silicon particles,fraction,How much silicon sits in very large particles.,Area-weighted tail of the size distribution.,,High -> severe cracking/pulverization risk.,
si_radius_3d_um,Si particle radius (3D estimate),B. Silicon particles,um,Sphere-equivalent radius corrected for slice bias.,si_dmean_aw / (2 * 0.785) — Saltykov sectioning correction.,Secondary: Negative electrode particle radius [m],Feeds lithium diffusion length inside Si.,Assumes roughly spherical particles.
si_solidity_mean,Si particle compactness,B. Silicon particles,-,How solid/compact the silicon particles are (1 = smooth convex).,Mean solidity over si_particle objects.,,Low -> jagged particles; sphere assumption degrades.,
si_aspect_mean,Si particle elongation,B. Silicon particles,-,Mean major/minor axis ratio of silicon particles.,regionprops ellipse axes.,,High -> elongated particles; sphere assumption degrades.,
si_clustering_R,Si clustering index (Clark-Evans R),B. Silicon particles,-,"How clumped silicon particles are (R<1 clumped, R~1 random, R>1 evenly spaced).","Nearest-neighbour distance vs random expectation, Donnelly edge-corrected.",,Low -> clusters swell as one big particle -> local stress.,Graphite pockets force R<1 structurally.
si_nn_dist_um,Si nearest-neighbour distance,B. Silicon particles,um,Mean distance to the closest silicon particle.,KD-tree nearest neighbour on particle centroids.,,Low -> tight packing.,
si_patchiness,Si patchiness (strip CV),B. Silicon particles,-,How unevenly silicon is distributed across the image.,CV of Si fraction across 6 vertical strips.,,High -> mixing/dispersion problem.,
si_pore_contact,Si-pore contact share,D. Pores & transport,fraction,Share of Si boundary within ~75 nm of a pore.,3-px dilation contact band (1-px test is degenerate here — Si sits ~0.6 um away).,,Low -> silicon isolated from electrolyte.,
si_pore_dist_mean_um,"Si-to-pore distance, mean",D. Pores & transport,um,How far silicon boundaries sit from the nearest pore.,Distance transform from pore mask over Si boundary pixels.,,"High -> silicon far from electrolyte -> poorly wetted, dead capacity.",
contact_population,Contact-population flag,F. imaging guards,text,Which label population contact metrics used.,'watershed_particles' (correct) or 'connected_components_FALLBACK' (warns).,,,
si_enclosed_share,Fully-enclosed Si share,D. Pores & transport,fraction,Share of watershed-classified Si particles with zero resolved-pore contact.,Per-particle contact test over watershed label ids (fixed 2026-10: connected components merged touching particles and corrupted the count).,,High -> much silicon may be poorly connected to pore space (NOT proof of inactivity).,Runs high (~0.7-0.99) in every image — relative comparison only; resolved pores only.
si_contact_num_frac,Pore-contacted Si share (by particle count),D. Pores & transport,fraction,Number fraction of classified particles touching a resolved pore.,1 - si_enclosed_share over watershed labels.,,Low -> few particles contact resolved pores.,Number fraction — big particles count the same as small ones; not wetting/activity.
si_contact_area_frac,Pore-contacted Si share (area-weighted),D. Pores & transport,fraction,Share of classified-Si AREA belonging to particles that touch a resolved pore.,Area-weighted contacted-particle share over watershed labels.,Feeds si_accessible_frac (DFN active-material proxy).,Low -> much Si area may be poorly connected.,"Resolved 2-D contact only — not wetting, activity, or 3-D connectivity."
si_area_near_pore_frac,Si area inside pore-contact band,D. Pores & transport,fraction,Share of Si pixels lying within the ~75 nm contact band itself.,(si_part & near_pore) / si_part.,,,Very small — most contact is glancing in 2-D.
si_coverage_mean,"Si boundary coverage by pores, mean",D. Pores & transport,fraction,Mean share of each silicon particle's boundary within ~75 nm of a pore.,Per-object boundary-coverage (ASSB-style coverage%).,,Low -> silicon poorly wetted by electrolyte.,
si_coverage_p10,"Si boundary coverage, worst 10%",D. Pores & transport,fraction,Coverage of the least-connected silicon particles.,10th percentile of per-object coverage.,,Near 0 -> a real tail of isolated silicon exists.,
si_lowcoverage_share,Low-coverage Si share,D. Pores & transport,fraction,Share of silicon particles with <5% of their boundary near a pore — effectively isolated.,Share of objects below the coverage cutoff.,,High -> substantial dead silicon.,
si_accessible_frac,Accessible silicon fraction (resolved-pore-contact proxy),D. Pores & transport,fraction,Share of classified-Si area in particles touching a resolved pore — the DFN's dead-Si proxy bracket.,"= si_contact_area_frac (area-weighted, watershed identity). Renamed semantics 2026-10: the shipped version mixed connected-component counts with a watershed denominator (hawkfj64: 0.524 -> 0.371).",Scales Secondary active-material fraction (dead-Si proxy),Low -> much Si area may be poorly connected to resolved pores.,"A 2-D resolved-pore-contact structural proxy — NOT electrochemical activity, wetting, or 3-D connectivity."
si_sv_um_inv,Si surface area per volume,B. Silicon particles,um^-1,"Silicon boundary exposed to the rest of the coating, per unit volume.",Crofton stereology: S_V = transitions * px / area.,(reported; can scale SEI exchange current),High -> more Si-electrolyte contact -> more SEI growth.,
gr_sv_um_inv,Graphite surface per volume,C. Graphite matrix,um^-1,"Bulk material boundary exposed to pores, per unit volume.",Crofton stereology on bulk-pore transitions.,(basis for) Primary particle effective radius,,
gr_radius_eff_um,Graphite effective particle radius,C. Graphite matrix,um,Sphere-equivalent radius giving the measured surface-to-volume ratio.,R_eff = 3 * V_AM / S_V.,Primary: Negative electrode particle radius [m],Feeds lithium diffusion length inside graphite.,Flakes are not spheres — diffusion-equivalent approximation.
gr_chord_ratio_xz,Graphite flake alignment (h/v),C. Graphite matrix,-,Mean horizontal vs vertical chord through bulk; >1 = flakes lie flat.,Chord-length statistics.,,High -> strong layering -> anisotropic ion/electron paths.,
pore_d50_um,"Pore diameter, median",D. Pores & transport,um,Typical size of visible pores.,Median equivalent-circle diameter of pore objects.,,,Resolved pores only.
pore_count_per_mpx,Pore count density,D. Pores & transport,per Mpx,Number of pore objects per million pixels.,Count of pore objects >= 20 px.,,High -> more fragmented pore network or finer pores.,
big_void_frac,Large-void fraction,D. Pores & transport,fraction,Area share of very large holes (>0.5 % of image).,Pore objects above the large-void area cutoff.,,High -> manufacturing voids / contamination damage.,
crack_frac_h,Horizontal crack fraction,D. Pores & transport,fraction,Area share of elongated pores lying along the foil.,Pore objects with aspect > 3 within 30 deg of foil.,,High -> delamination-type damage.,
crack_frac_v,Vertical crack fraction,D. Pores & transport,fraction,Area share of elongated pores pointing across the coating (tearing signature).,Pore objects with aspect > 3 oriented > 30 deg from foil.,,High -> mechanical tears; also express ion lanes.,May partly reflect polishing/pull-out artefacts.
round_pore_frac,Round pore fraction,D. Pores & transport,fraction,"Area share of compact, non-elongated pores (control metric).",Pore objects with aspect <= 3.,,Stable value = segmentation behaving normally.,
pore_verticality_aw,Pore verticality (area-weighted),D. Pores & transport,-,How upright the pore area is overall (1 = vertical).,Area-weighted |sin(angle vs foil)| over pore objects.,,Low -> pores lie flat -> longer ion path.,
pore_chord_h_um,"Pore chord, horizontal",D. Pores & transport,um,Mean uninterrupted pore run along image rows.,Line-intercept (chord) statistics.,,,
pore_chord_v_um,"Pore chord, vertical",D. Pores & transport,um,Mean uninterrupted pore run along image columns.,Line-intercept (chord) statistics.,,,
pore_anisotropy,Pore anisotropy (flat vs upright),D. Pores & transport,-,>1 means pores lie flat along the foil.,Horizontal / vertical chord ratio on the pore mask.,,High -> flat pores lengthen the through-plane ion path -> plating risk at fast charge.,
tau_vertical_proxy,"Tortuosity proxy, vertical",D. Pores & transport,-,"How much longer a path through the pore network is than a straight line, top-to-bottom.",Geodesic (maze-solving) distance through pores vs straight depth.,(basis for) Bruggeman coefficient,High -> sluggish ion transport through thickness.,"Image top is NOT the separator (edges unknown) — use the anisotropy ratio, not the absolute."
tau_horizontal_proxy,"Tortuosity proxy, horizontal",D. Pores & transport,-,Same measure along the in-plane direction.,Geodesic distance left-to-right.,,,
tau_anisotropy,Tortuosity anisotropy (vertical/horizontal),D. Pores & transport,-,Directional penalty of the pore network.,tau_vertical_proxy / tau_horizontal_proxy.,,High -> ions detour much more through-thickness than in-plane -> plating risk.,
percolation_reach_2d,Pore connectivity (2D reach),D. Pores & transport,fraction,Fraction of pore pixels connected to the top edge through the pore network.,Geodesic flood from the edge; connected share.,,Low -> dead-end pores carry no ions.,2D proxy only — true connectivity is 3D (needs tomography or the bonus reconstruction branch).
pore_largest_region_frac,Largest connected pore region,D. Pores & transport,fraction,Biggest connected pore blob as a share of all pore pixels.,Connected components on the pore mask.,,Low -> fragmented pore network.,
bruggeman_b_eff,Effective Bruggeman exponent,D. Pores & transport,-,Tortuosity-porosity exponent implied by the measured tau proxy.,"b = 1 - ln(tau) / ln(eps), clipped to [1, 3]; default 1.5 if degenerate.",Negative electrode Bruggeman coefficient (electrolyte),High -> steeper transport penalty as porosity drops.,Heuristic calibration — replaced by TauFactor tau_z if the 3D bonus branch runs.
corr_len_pore_um,Pore correlation length,D. Pores & transport,um,Characteristic size of pore regions.,Two-point correlation (FFT) decay to 1/e.,,,
corr_len_bulk_um,Bulk correlation length,D. Pores & transport,um,Characteristic size of graphite domains.,Two-point correlation (FFT) decay to 1/e.,,,
corr_len_si_um,Si correlation length,D. Pores & transport,um,Characteristic spacing/size of silicon regions.,Two-point correlation (FFT) decay to 1/e.,,,
img_p1,"Raw intensity, 1st pct",F. Imaging guards,gray,Dark end of the raw histogram.,Percentile of raw pixels.,,,Guard rail.
img_p50,"Raw intensity, median",F. Imaging guards,gray,Middle of the raw histogram.,Percentile of raw pixels.,,,Guard rail.
img_p99,"Raw intensity, 99th pct",F. Imaging guards,gray,Bright end of the raw histogram.,Percentile of raw pixels.,,,Guard rail.
si_bulk_contrast,Si vs bulk contrast ratio,F. Imaging guards,-,"How much brighter silicon is than bulk, normalised to the pore-bulk gap.",(I_si - I_pore) / (I_bulk - I_pore) on raw intensities.,,Low (~<1.9 here) -> low-contrast photo; Si may be overcounted (see bright_fine_frac).,"Guard rail, not a material property."
noise_mad,Image noise level,F. Imaging guards,gray,Pixel noise on bulk material.,"1.4826 * MAD of (raw - Gaussian(raw, 2 px)).",,High -> segmentation less reliable.,Guard rail.
sharpness_lapvar,Image sharpness,F. Imaging guards,gray^2,Focus quality (variance of Laplacian on bulk).,Var(|d2I|) over bulk pixels.,,Low -> blurry photo.,Guard rail.
shading_slope,Top-to-bottom shading slope,F. Imaging guards,gray/px,Brightness drift across the frame.,Linear slope of the row-median of bulk pixels.,,Strong -> uneven illumination left over.,Guard rail.
has_inlens,InLens channel present,F. Imaging guards,0/1,Secondary-electron image exists for this location.,File existence check.,,,Guard rail.
has_etd_or_se,ETD/SE channel present,F. Imaging guards,0/1,Secondary detector image exists.,File existence check.,,,Guard rail.
pore_frac_tile_err,Porosity tile spread (within-image),Uncertainty,fraction,Within-image spatial spread of the measured porosity.,"1.96*sd/sqrt(n) of 5x5 tile fractions — a tile SE, NOT a jackknife and NOT repeat-acquisition uncertainty; tiles are spatially correlated so it understates.",,,Heterogeneity diagnostic only — do not read as a measurement confidence interval.
si_frac_tile_err,Si fraction tile spread (within-image),Uncertainty,fraction,Within-image spatial spread of the Si fraction.,Same tile SE as pore_frac_tile_err (not a jackknife).,,,Heterogeneity diagnostic only — do not read as a measurement confidence interval.
is_problem_photo,Problem-photo flag,F. Imaging guards,0/1,Low-contrast photo where Si may be overcounted.,si_bulk_contrast below the pooled 5th percentile across all images.,,Treat this photo's Si-derived markers with care; results reported with and without problem photos.,Guard rail.
cache_provenance_warning,cache_provenance_warning,Other,?,,,,,
