porosity_total,si_active_frac,thickness_m,bruggeman,si_radius_m,gr_radius_m,si_youngs_pa,si_nu,np_ratio,converged,cycles_completed,discharge_cap_cycle1_Ah,discharge_cap_cycle2_Ah,discharge_cap_cycle3_Ah,discharge_cap_cycle4_Ah,discharge_cap_cycle5_Ah,discharge_cap_last_Ah,mean_coulombic_eff,retention_pct,loss_li_inventory_pct,thickness_change_um,si_stress_MPa,min_neg_surface_v,plating_flag,early_stop,batch,variant
0.3083368107824074,0.06786610028805277,7.5e-05,1.306138159922848,1.336605490115361e-06,2.9911958708731032e-06,50000000000.0,0.25,0.9182417289007845,1,5,5.9555612210041,5.970930665221754,5.9707183798394245,5.970461961030853,5.970211461819083,5.970211461819083,0.9994630219089086,100.2459926154955,0.015060996176359254,12.421562941256187,7.3920427980232235,0.022707732820379814,0,0,Batch_2,all_si_active
0.27225287780252283,0.08994479257652316,7.869878309507975e-05,1.3248498299837,1.6746423335635202e-06,2.8297554060948976e-06,56977189520.80032,0.23226438789631002,0.9461077107167352,1,5,7.246718988796515,7.255480459515945,7.255153390689767,7.254822376408202,7.254503207724063,7.254503207724063,0.9997337053975717,100.10741714891364,0.016051757158294322,13.537118823662968,7.349855748794555,0.027190651568157028,0,0,Batch_2,all_si_active
0.3650921485104265,0.08565891428565456,6.523018305734809e-05,1.1552491492328187,1.721277205292925e-06,2.930042335322195e-06,84054309402.89706,0.27934129142274045,0.9470882840161219,1,5,5.115424100724012,5.118498609255506,5.11832166765449,5.118009345085862,5.117762634340056,5.117762634340056,0.999860323770292,100.04571534187582,0.012999359346693495,9.809182138466458,10.790874198669433,0.016992104727736327,0,0,Batch_2,all_si_active
0.3209912590196057,0.07342755894087714,6.962536013682826e-05,1.1284498371150506,1.3226338742808136e-06,2.9965469406017373e-06,36132228574.49065,0.23632303933159657,0.929003282273375,1,5,5.570168379270526,5.583317173729311,5.583108795046885,5.582936723437036,5.582658389399417,5.582658389399417,0.9995090753528271,100.22423038727828,0.014217269983390679,11.284354734952865,7.141455546490669,0.020339139739581347,0,0,Batch_2,all_si_active
0.4154074740762159,0.08493754059478145,7.000348758026348e-05,1.2877765931441483,1.3881454288585663e-06,3.1175467917465763e-06,46383464363.66239,0.24104154466007838,0.950300589553442,1,5,5.051038930126525,5.060165155515281,5.059992460825481,5.05975912251896,5.059561564734112,5.059561564734112,0.9996221087777009,100.16873032905674,0.0127750513177034,9.698021144985823,7.277971716773987,0.015124873809547494,0,0,Batch_2,all_si_active
0.389682245153662,0.08278629122472227,7.684330709690533e-05,1.168318940351773,1.5930410810198137e-06,2.9350615318056312e-06,79914225413.90039,0.267408268012341,0.9455424289228804,1,5,5.739555381435451,5.747200689795253,5.746869541602467,5.746648127332692,5.746520181159327,5.746520181159327,0.999715068531048,100.12134737381233,0.01394467480736239,11.129712326742217,8.837151686267852,0.021680173727004662,0,0,Batch_2,all_si_active
0.33417847111647947,0.06895655946255345,7.300712496225037e-05,1.224417034338087,1.158544934044214e-06,3.0395298021875024e-06,89219145772.229,0.25891304820742733,0.924068337015874,1,5,5.6166231560756446,5.632417439008497,5.6321902688405014,5.631974199832898,5.631768218999961,5.631768218999961,0.9994205854473239,100.26964712610165,0.014608763081525922,11.633342731941573,6.007222726215362,0.020388639395905985,0,0,Batch_2,all_si_active
0.37999416960125826,0.07939147437270459,7.151612711563914e-05,1.2451502929889366,1.086101200029033e-06,2.8943402603128494e-06,61344597604.37429,0.2569364519991444,0.9406260336336257,1,5,5.376326875788557,5.390084540259992,5.389896520410171,5.389700386249983,5.389524482857528,5.389524482857528,0.9994712971596993,100.24547627727779,0.014431262556612978,10.548059245248918,4.852266179441452,0.020098879706386998,0,0,Batch_2,all_si_active
0.3456253699272672,0.08749006355850704,6.721169723875781e-05,1.1165721402778768,1.353066313493535e-06,3.02879326633893e-06,72500536405.68427,0.2740737535525493,0.9478482460665029,1,5,5.512134771686986,5.522358292532926,5.5221719671499825,5.52193994675127,5.52172863920208,5.52172863920208,0.9996111112760928,100.17404994457632,0.013454103045063448,10.411733524206438,6.581033729310989,0.01862536741799039,0,0,Batch_2,all_si_active
0.31654480536314844,0.07482569307226074,8.350060569503972e-05,1.062026175833332,1.452566771166091e-06,3.3106883608528813e-06,63774940729.082245,0.2615231704259955,0.9304983657806161,1,5,6.776478433867963,6.79294157873187,6.792677531722236,6.792374041792421,6.7920941916128035,6.7920941916128035,0.9994945398459304,100.2304406027,0.014611251199539765,13.612166732361025,7.222349746744156,0.023361885214476456,0,0,Batch_2,all_si_active
0.3559366735042235,0.06954715755381148,8.062513023289044e-05,1.0906549989561254,1.4889088569519102e-06,3.0707105373658065e-06,48925506117.40143,0.2707748307275909,0.92632428005137,1,5,5.999468524303289,6.013087136945497,6.012841622380377,6.012618525057922,6.012378425759612,6.012378425759612,0.9995266995495783,100.21518408512397,0.01452893891557494,12.420785525088545,8.715936195676804,0.02274237142049082,0,0,Batch_2,all_si_active
0.28122948766149114,0.09279481966400516,7.558835979975403e-05,1.32920472325427,1.791666141057365e-06,3.1842838443501715e-06,39430446356.91023,0.25025477617519987,0.9498719470774403,1,5,6.944304105601108,6.951687371484779,6.9513684513038,6.9511482500343496,6.950735502277412,6.950735502277412,0.9997647374630937,100.09261398375565,0.014150154708701734,12.817935655619921,8.307713251010894,0.02202551069873972,0,0,Batch_2,all_si_active
0.40009770352970503,0.07795007660286474,8.38407200892193e-05,1.344640542853631,1.2745099573897284e-06,3.214616967625889e-06,76314642049.77194,0.22766046182645888,0.9404460166191424,1,5,6.047869786088621,6.06291120995224,6.062666321296065,6.062528797999068,6.06221226872185,6.06221226872185,0.9994847609563047,100.23714932927655,0.01414077538962033,11.972609856640645,5.905450945360183,0.020727853257745798,0,0,Batch_2,all_si_active
0.29765636447179256,0.07595029964647025,6.763758055534935e-05,1.2718938698559032,1.6421144531728287e-06,3.341100861767097e-06,73493535510.65582,0.242786761900812,0.9307619853971032,1,5,5.638908178634522,5.649159520018522,5.6489266995445275,5.648592738836448,5.648333787682669,5.648333787682669,0.9996184200465204,100.16715308619247,0.012979974553701368,11.318221925304822,10.200541381607055,0.01574530384005594,0,0,Batch_2,all_si_active
0.408763630549128,0.07182358505417233,7.444655896378183e-05,1.194349647591588,1.2244629227899055e-06,3.254033913558265e-06,53513091963.61282,0.2273936298808243,0.9333750507079523,1,5,5.138383001923814,5.151792260734028,5.151623634763247,5.151398261226318,5.1512181186573605,5.1512181186573605,0.999461069312984,100.24978902368198,0.013204786575499838,10.513321769601514,6.695724527334213,0.015017038510255114,0,0,Batch_2,all_si_active
0.302041836522045,0.08231271885003559,7.905256124705446e-05,1.2588639343182466,1.522626754240335e-06,2.824414739892963e-06,66482971851.33243,0.24974991246712339,0.9388515871004681,1,5,6.765980128890944,6.77759439153886,6.777300767069564,6.777012227464519,6.776718976533085,6.776718976533085,0.9996339648929335,100.15871828526788,0.015868562017288923,13.102096471459674,7.173477573221207,0.02738748972748725,0,0,Batch_2,all_si_active
0.26503113932365846,0.09129472039220869,8.12924223990199e-05,1.1824364602689292,1.0674455936490645e-06,3.1666173840698818e-06,42259593272.73407,0.22290298964343502,0.9472533668345894,1,5,7.677949626200295,7.697535092681428,7.697265253950095,7.697030303694792,7.696714141343388,7.696714141343388,0.9994689713789826,100.24439487176447,0.016415241083848287,14.122554438617879,3.116177587312698,0.02676579213371479,0,0,Batch_2,all_si_active
