pair,indicator,n_paired,median_paired_diff,diff_lo,diff_hi,assumption_only_spread_iqr,declared_threshold,exceeds_assumption_spread,verdict,plating_warnings_a,plating_warnings_b
Batch_1-Batch_3,discharge_cap_last_Ah,17,0.19735047208718903,0.11062011991359455,0.28023570736471193,1.128121316475461,0.25,False,inconclusive,0,2
Batch_1-Batch_3,thickness_change_um,17,0.10633593267673369,0.027428635861168615,0.20472541190227211,2.1738765246098524,0.5,False,below_threshold,0,2
Batch_1-Batch_3,si_stress_MPa,17,-3.001820428886413,-6.019281534091949,-0.02132010627365233,3.9452794693336486,0.5,False,meaningful_difference,0,2
Batch_1-Batch_3,min_neg_surface_v,17,0.006874953420968289,0.00108202755505718,0.011260903123827127,0.007069690709565004,0.01,False,inconclusive,0,2
Batch_2-Batch_3,discharge_cap_last_Ah,17,0.15017288001793094,0.05514987940430682,0.24456944698311123,1.128121316475461,0.25,False,below_threshold,0,2
Batch_2-Batch_3,thickness_change_um,17,0.029067954575655364,-0.06082682950945717,0.10452062716270305,2.1738765246098524,0.5,False,below_threshold,0,2
Batch_2-Batch_3,si_stress_MPa,17,-0.014881149507523617,-0.77109677878952,0.6732882181282047,3.9452794693336486,0.5,False,inconclusive,0,2
Batch_2-Batch_3,min_neg_surface_v,17,0.007418257579030406,0.0010333673865778048,0.013743859534626136,0.007069690709565004,0.01,True,inconclusive,0,2
Batch_1-Batch_2,discharge_cap_last_Ah,17,0.08342889737160686,-0.11091581485328561,0.1973092234017617,1.128121316475461,0.25,False,below_threshold,0,0
Batch_1-Batch_2,thickness_change_um,17,0.09970052022980624,0.0313385013849512,0.14043038109683792,2.1738765246098524,0.5,False,below_threshold,0,0
Batch_1-Batch_2,si_stress_MPa,17,-2.994557796028136,-6.6925697522201535,0.4137917235298154,3.9452794693336486,0.5,False,inconclusive,0,0
Batch_1-Batch_2,min_neg_surface_v,17,-0.0005433041580621169,-0.002482956410799009,0.0012400551861831179,0.007069690709565004,0.01,False,below_threshold,0,0
