param,lo,med,hi,kind,note,batch
porosity,0.0756740553166826,0.1038042784260548,0.1201903012846441,image,add sub-res sweep,Batch_1
porosity_total_lo,0.0,0.2538042784260548,0.0,assumed,sub-resolution porosity added to measured,Batch_1
porosity_total_hi,0.0,0.4153807736231403,0.0,assumed,,Batch_1
si_act_lo,0.0,0.03214329410204466,0.0,image+assumed,classified Si objects x accessible share,Batch_1
si_act_med,0.0,0.03214329410204466,0.0,image+assumed,,Batch_1
si_act_hi,0.0,0.0873157867851761,0.0,image bracket,all bright material counted as active Si,Batch_1
si_radius_um,1.2341445642182436,2.5879026267050613,3.567356058711823,image,,Batch_1
si_sv,0.2774996152746939,0.4254838824277931,1.127275142819184,image,,Batch_1
gr_radius_um,2.660597286997077,3.1076543120405846,3.54613963755092,image,graphite diffusion-equivalent radius 3V/S,Batch_1
bruggeman,1.0706136672122608,1.2286095256292973,1.4754554586586337,image proxy,finite-difference tortuosity -> b,Batch_1
thickness_um,65.0,75.0,85.0,assumed,electrode extends beyond image FOV,Batch_1
porosity,0.0936875819268394,0.1083368107824074,0.1270505171807329,image,add sub-res sweep,Batch_2
porosity_total_lo,0.0,0.2583368107824074,0.0,assumed,sub-resolution porosity added to measured,Batch_2
porosity_total_hi,0.0,0.4216903058755111,0.0,assumed,,Batch_2
si_act_lo,0.0,0.025654011538172497,0.0,image+assumed,classified Si objects x accessible share,Batch_2
si_act_med,0.0,0.025654011538172497,0.0,image+assumed,,Batch_2
si_act_hi,0.0,0.09359469381031445,0.0,image bracket,all bright material counted as active Si,Batch_2
si_radius_um,2.0625740299068935,2.6732109802307225,3.6237928134086648,image,,Batch_2
si_sv,0.370185279547138,0.4811409899810408,0.7074753467737257,image,,Batch_2
gr_radius_um,2.79188462930866,2.9911958708731032,3.3491948494546055,image,graphite diffusion-equivalent radius 3V/S,Batch_2
bruggeman,1.0609336512962906,1.306138159922848,1.3629086364027994,image proxy,finite-difference tortuosity -> b,Batch_2
thickness_um,65.0,75.0,85.0,assumed,electrode extends beyond image FOV,Batch_2
porosity,0.0653714514826705,0.1089659908357347,0.1496637844906468,image,add sub-res sweep,Batch_3
porosity_total_lo,0.0,0.2589659908357347,0.0,assumed,sub-resolution porosity added to measured,Batch_3
porosity_total_hi,0.0,0.42908597858829944,0.0,assumed,,Batch_3
si_act_lo,0.0,0.02361618033247076,0.0,image+assumed,classified Si objects x accessible share,Batch_3
si_act_med,0.0,0.02361618033247076,0.0,image+assumed,,Batch_3
si_act_hi,0.0,0.08442622045523222,0.0,image bracket,all bright material counted as active Si,Batch_3
si_radius_um,1.8457279205998969,2.528331127302351,3.3543194096390914,image,,Batch_3
si_sv,0.2393677887168638,0.3766515707784642,0.7201367257391668,image,,Batch_3
gr_radius_um,2.797191531665876,3.1556613724986904,4.57858809328305,image,graphite diffusion-equivalent radius 3V/S,Batch_3
bruggeman,1.0539353885011296,1.2822255280430492,1.4521156376182642,image proxy,finite-difference tortuosity -> b,Batch_3
thickness_um,65.0,75.0,85.0,assumed,electrode extends beyond image FOV,Batch_3
