protocol,fold_id,n_train,n_test,train_ids,test_ids,train_groups,test_groups,n_train_Batch_1,n_train_Batch_2,n_train_Batch_3
leave_one_image_out,img_0grcilhi,30,1,"[""img_3806gxp0"", ""img_4ih2ggld"", ""img_5n1q8atc"", ""img_71vgq3fw"", ""img_9luzk4jm"", ""img_avn74qx1"", ""img_b3esycq1"", ""img_cfe5vt7s"", ""img_epqdaau9"", ""img_f1vzngrs"", ""img_ffwubibz"", ""img_fzrt2k6r"", ""img_hawkfj64"", ""img_hzumfsms"", ""img_i9jiqjwl"", ""img_iv6g2oq0"", ""img_kbdh4tri"", ""img_mgxahqnk"", ""img_pl8uabbv"", ""img_ptg8lmto"", ""img_r17byphk"", ""img_rxax5ozo"", ""img_tuy3zymq"", ""img_ufdvpb81"", ""img_uhdslk0o"", ""img_utfgcjfa"", ""img_vc2whyaq"", ""img_x77cy643"", ""img_x7u69zsw"", ""img_xgj4xftb""]","[""img_0grcilhi""]","[""1612"", ""1780"", ""1880"", ""1904"", ""2048"", ""2060"", ""2068"", ""2080"", ""2088"", ""2148"", ""2156"", ""2272"", ""2316""]","[""1904""]",7,7,16
leave_one_image_out,img_3806gxp0,30,1,"[""img_0grcilhi"", ""img_4ih2ggld"", ""img_5n1q8atc"", ""img_71vgq3fw"", ""img_9luzk4jm"", ""img_avn74qx1"", ""img_b3esycq1"", ""img_cfe5vt7s"", ""img_epqdaau9"", ""img_f1vzngrs"", ""img_ffwubibz"", ""img_fzrt2k6r"", ""img_hawkfj64"", ""img_hzumfsms"", ""img_i9jiqjwl"", ""img_iv6g2oq0"", ""img_kbdh4tri"", ""img_mgxahqnk"", ""img_pl8uabbv"", ""img_ptg8lmto"", ""img_r17byphk"", ""img_rxax5ozo"", ""img_tuy3zymq"", ""img_ufdvpb81"", ""img_uhdslk0o"", ""img_utfgcjfa"", ""img_vc2whyaq"", ""img_x77cy643"", ""img_x7u69zsw"", ""img_xgj4xftb""]","[""img_3806gxp0""]","[""1612"", ""1780"", ""1880"", ""1904"", ""2048"", ""2060"", ""2068"", ""2080"", ""2088"", ""2148"", ""2156"", ""2272"", ""2316""]","[""2048""]",7,6,17
leave_one_image_out,img_4ih2ggld,30,1,"[""img_0grcilhi"", ""img_3806gxp0"", ""img_5n1q8atc"", ""img_71vgq3fw"", ""img_9luzk4jm"", ""img_avn74qx1"", ""img_b3esycq1"", ""img_cfe5vt7s"", ""img_epqdaau9"", ""img_f1vzngrs"", ""img_ffwubibz"", ""img_fzrt2k6r"", ""img_hawkfj64"", ""img_hzumfsms"", ""img_i9jiqjwl"", ""img_iv6g2oq0"", ""img_kbdh4tri"", ""img_mgxahqnk"", ""img_pl8uabbv"", ""img_ptg8lmto"", ""img_r17byphk"", ""img_rxax5ozo"", ""img_tuy3zymq"", ""img_ufdvpb81"", ""img_uhdslk0o"", ""img_utfgcjfa"", ""img_vc2whyaq"", ""img_x77cy643"", ""img_x7u69zsw"", ""img_xgj4xftb""]","[""img_4ih2ggld""]","[""1612"", ""1780"", ""1880"", ""1904"", ""2048"", ""2060"", ""2068"", ""2080"", ""2088"", ""2148"", ""2156"", ""2272"", ""2316""]","[""2316""]",6,7,17
leave_one_image_out,img_5n1q8atc,30,1,"[""img_0grcilhi"", ""img_3806gxp0"", ""img_4ih2ggld"", ""img_71vgq3fw"", ""img_9luzk4jm"", ""img_avn74qx1"", ""img_b3esycq1"", ""img_cfe5vt7s"", ""img_epqdaau9"", ""img_f1vzngrs"", ""img_ffwubibz"", ""img_fzrt2k6r"", ""img_hawkfj64"", ""img_hzumfsms"", ""img_i9jiqjwl"", ""img_iv6g2oq0"", ""img_kbdh4tri"", ""img_mgxahqnk"", ""img_pl8uabbv"", ""img_ptg8lmto"", ""img_r17byphk"", ""img_rxax5ozo"", ""img_tuy3zymq"", ""img_ufdvpb81"", ""img_uhdslk0o"", ""img_utfgcjfa"", ""img_vc2whyaq"", ""img_x77cy643"", ""img_x7u69zsw"", ""img_xgj4xftb""]","[""img_5n1q8atc""]","[""1612"", ""1780"", ""1880"", ""1904"", ""2048"", ""2060"", ""2068"", ""2080"", ""2088"", ""2148"", ""2156"", ""2272"", ""2316""]","[""2316""]",6,7,17
leave_one_image_out,img_71vgq3fw,30,1,"[""img_0grcilhi"", ""img_3806gxp0"", ""img_4ih2ggld"", ""img_5n1q8atc"", ""img_9luzk4jm"", ""img_avn74qx1"", ""img_b3esycq1"", ""img_cfe5vt7s"", ""img_epqdaau9"", ""img_f1vzngrs"", ""img_ffwubibz"", ""img_fzrt2k6r"", ""img_hawkfj64"", ""img_hzumfsms"", ""img_i9jiqjwl"", ""img_iv6g2oq0"", ""img_kbdh4tri"", ""img_mgxahqnk"", ""img_pl8uabbv"", ""img_ptg8lmto"", ""img_r17byphk"", ""img_rxax5ozo"", ""img_tuy3zymq"", ""img_ufdvpb81"", ""img_uhdslk0o"", ""img_utfgcjfa"", ""img_vc2whyaq"", ""img_x77cy643"", ""img_x7u69zsw"", ""img_xgj4xftb""]","[""img_71vgq3fw""]","[""1612"", ""1780"", ""1880"", ""1904"", ""2048"", ""2060"", ""2068"", ""2080"", ""2088"", ""2148"", ""2156"", ""2272"", ""2316""]","[""2060""]",7,7,16
leave_one_image_out,img_9luzk4jm,30,1,"[""img_0grcilhi"", ""img_3806gxp0"", ""img_4ih2ggld"", ""img_5n1q8atc"", ""img_71vgq3fw"", ""img_avn74qx1"", ""img_b3esycq1"", ""img_cfe5vt7s"", ""img_epqdaau9"", ""img_f1vzngrs"", ""img_ffwubibz"", ""img_fzrt2k6r"", ""img_hawkfj64"", ""img_hzumfsms"", ""img_i9jiqjwl"", ""img_iv6g2oq0"", ""img_kbdh4tri"", ""img_mgxahqnk"", ""img_pl8uabbv"", ""img_ptg8lmto"", ""img_r17byphk"", ""img_rxax5ozo"", ""img_tuy3zymq"", ""img_ufdvpb81"", ""img_uhdslk0o"", ""img_utfgcjfa"", ""img_vc2whyaq"", ""img_x77cy643"", ""img_x7u69zsw"", ""img_xgj4xftb""]","[""img_9luzk4jm""]","[""1612"", ""1780"", ""1880"", ""1904"", ""2048"", ""2060"", ""2068"", ""2080"", ""2088"", ""2148"", ""2156"", ""2272"", ""2316""]","[""2088""]",7,7,16
leave_one_image_out,img_avn74qx1,30,1,"[""img_0grcilhi"", ""img_3806gxp0"", ""img_4ih2ggld"", ""img_5n1q8atc"", ""img_71vgq3fw"", ""img_9luzk4jm"", ""img_b3esycq1"", ""img_cfe5vt7s"", ""img_epqdaau9"", ""img_f1vzngrs"", ""img_ffwubibz"", ""img_fzrt2k6r"", ""img_hawkfj64"", ""img_hzumfsms"", ""img_i9jiqjwl"", ""img_iv6g2oq0"", ""img_kbdh4tri"", ""img_mgxahqnk"", ""img_pl8uabbv"", ""img_ptg8lmto"", ""img_r17byphk"", ""img_rxax5ozo"", ""img_tuy3zymq"", ""img_ufdvpb81"", ""img_uhdslk0o"", ""img_utfgcjfa"", ""img_vc2whyaq"", ""img_x77cy643"", ""img_x7u69zsw"", ""img_xgj4xftb""]","[""img_avn74qx1""]","[""1612"", ""1780"", ""1880"", ""1904"", ""2048"", ""2060"", ""2068"", ""2080"", ""2088"", ""2148"", ""2156"", ""2272"", ""2316""]","[""2048""]",7,6,17
leave_one_image_out,img_b3esycq1,30,1,"[""img_0grcilhi"", ""img_3806gxp0"", ""img_4ih2ggld"", ""img_5n1q8atc"", ""img_71vgq3fw"", ""img_9luzk4jm"", ""img_avn74qx1"", ""img_cfe5vt7s"", ""img_epqdaau9"", ""img_f1vzngrs"", ""img_ffwubibz"", ""img_fzrt2k6r"", ""img_hawkfj64"", ""img_hzumfsms"", ""img_i9jiqjwl"", ""img_iv6g2oq0"", ""img_kbdh4tri"", ""img_mgxahqnk"", ""img_pl8uabbv"", ""img_ptg8lmto"", ""img_r17byphk"", ""img_rxax5ozo"", ""img_tuy3zymq"", ""img_ufdvpb81"", ""img_uhdslk0o"", ""img_utfgcjfa"", ""img_vc2whyaq"", ""img_x77cy643"", ""img_x7u69zsw"", ""img_xgj4xftb""]","[""img_b3esycq1""]","[""1612"", ""1780"", ""1880"", ""1904"", ""2048"", ""2060"", ""2068"", ""2080"", ""2088"", ""2148"", ""2156"", ""2272"", ""2316""]","[""2156""]",7,6,17
leave_one_image_out,img_cfe5vt7s,30,1,"[""img_0grcilhi"", ""img_3806gxp0"", ""img_4ih2ggld"", ""img_5n1q8atc"", ""img_71vgq3fw"", ""img_9luzk4jm"", ""img_avn74qx1"", ""img_b3esycq1"", ""img_epqdaau9"", ""img_f1vzngrs"", ""img_ffwubibz"", ""img_fzrt2k6r"", ""img_hawkfj64"", ""img_hzumfsms"", ""img_i9jiqjwl"", ""img_iv6g2oq0"", ""img_kbdh4tri"", ""img_mgxahqnk"", ""img_pl8uabbv"", ""img_ptg8lmto"", ""img_r17byphk"", ""img_rxax5ozo"", ""img_tuy3zymq"", ""img_ufdvpb81"", ""img_uhdslk0o"", ""img_utfgcjfa"", ""img_vc2whyaq"", ""img_x77cy643"", ""img_x7u69zsw"", ""img_xgj4xftb""]","[""img_cfe5vt7s""]","[""1612"", ""1780"", ""1880"", ""1904"", ""2048"", ""2060"", ""2068"", ""2080"", ""2088"", ""2148"", ""2156"", ""2272"", ""2316""]","[""2080""]",7,7,16
leave_one_image_out,img_epqdaau9,30,1,"[""img_0grcilhi"", ""img_3806gxp0"", ""img_4ih2ggld"", ""img_5n1q8atc"", ""img_71vgq3fw"", ""img_9luzk4jm"", ""img_avn74qx1"", ""img_b3esycq1"", ""img_cfe5vt7s"", ""img_f1vzngrs"", ""img_ffwubibz"", ""img_fzrt2k6r"", ""img_hawkfj64"", ""img_hzumfsms"", ""img_i9jiqjwl"", ""img_iv6g2oq0"", ""img_kbdh4tri"", ""img_mgxahqnk"", ""img_pl8uabbv"", ""img_ptg8lmto"", ""img_r17byphk"", ""img_rxax5ozo"", ""img_tuy3zymq"", ""img_ufdvpb81"", ""img_uhdslk0o"", ""img_utfgcjfa"", ""img_vc2whyaq"", ""img_x77cy643"", ""img_x7u69zsw"", ""img_xgj4xftb""]","[""img_epqdaau9""]","[""1612"", ""1780"", ""1880"", ""1904"", ""2048"", ""2060"", ""2068"", ""2080"", ""2088"", ""2148"", ""2156"", ""2272"", ""2316""]","[""2148""]",7,6,17
leave_one_image_out,img_f1vzngrs,30,1,"[""img_0grcilhi"", ""img_3806gxp0"", ""img_4ih2ggld"", ""img_5n1q8atc"", ""img_71vgq3fw"", ""img_9luzk4jm"", ""img_avn74qx1"", ""img_b3esycq1"", ""img_cfe5vt7s"", ""img_epqdaau9"", ""img_ffwubibz"", ""img_fzrt2k6r"", ""img_hawkfj64"", ""img_hzumfsms"", ""img_i9jiqjwl"", ""img_iv6g2oq0"", ""img_kbdh4tri"", ""img_mgxahqnk"", ""img_pl8uabbv"", ""img_ptg8lmto"", ""img_r17byphk"", ""img_rxax5ozo"", ""img_tuy3zymq"", ""img_ufdvpb81"", ""img_uhdslk0o"", ""img_utfgcjfa"", ""img_vc2whyaq"", ""img_x77cy643"", ""img_x7u69zsw"", ""img_xgj4xftb""]","[""img_f1vzngrs""]","[""1612"", ""1780"", ""1880"", ""1904"", ""2048"", ""2060"", ""2068"", ""2080"", ""2088"", ""2148"", ""2156"", ""2272"", ""2316""]","[""2148""]",6,7,17
leave_one_image_out,img_ffwubibz,30,1,"[""img_0grcilhi"", ""img_3806gxp0"", ""img_4ih2ggld"", ""img_5n1q8atc"", ""img_71vgq3fw"", ""img_9luzk4jm"", ""img_avn74qx1"", ""img_b3esycq1"", ""img_cfe5vt7s"", ""img_epqdaau9"", ""img_f1vzngrs"", ""img_fzrt2k6r"", ""img_hawkfj64"", ""img_hzumfsms"", ""img_i9jiqjwl"", ""img_iv6g2oq0"", ""img_kbdh4tri"", ""img_mgxahqnk"", ""img_pl8uabbv"", ""img_ptg8lmto"", ""img_r17byphk"", ""img_rxax5ozo"", ""img_tuy3zymq"", ""img_ufdvpb81"", ""img_uhdslk0o"", ""img_utfgcjfa"", ""img_vc2whyaq"", ""img_x77cy643"", ""img_x7u69zsw"", ""img_xgj4xftb""]","[""img_ffwubibz""]","[""1612"", ""1780"", ""1880"", ""1904"", ""2048"", ""2060"", ""2068"", ""2080"", ""2088"", ""2148"", ""2156"", ""2272"", ""2316""]","[""2080""]",6,7,17
leave_one_image_out,img_fzrt2k6r,30,1,"[""img_0grcilhi"", ""img_3806gxp0"", ""img_4ih2ggld"", ""img_5n1q8atc"", ""img_71vgq3fw"", ""img_9luzk4jm"", ""img_avn74qx1"", ""img_b3esycq1"", ""img_cfe5vt7s"", ""img_epqdaau9"", ""img_f1vzngrs"", ""img_ffwubibz"", ""img_hawkfj64"", ""img_hzumfsms"", ""img_i9jiqjwl"", ""img_iv6g2oq0"", ""img_kbdh4tri"", ""img_mgxahqnk"", ""img_pl8uabbv"", ""img_ptg8lmto"", ""img_r17byphk"", ""img_rxax5ozo"", ""img_tuy3zymq"", ""img_ufdvpb81"", ""img_uhdslk0o"", ""img_utfgcjfa"", ""img_vc2whyaq"", ""img_x77cy643"", ""img_x7u69zsw"", ""img_xgj4xftb""]","[""img_fzrt2k6r""]","[""1612"", ""1780"", ""1880"", ""1904"", ""2048"", ""2060"", ""2068"", ""2080"", ""2088"", ""2148"", ""2156"", ""2272"", ""2316""]","[""2156""]",6,7,17
leave_one_image_out,img_hawkfj64,30,1,"[""img_0grcilhi"", ""img_3806gxp0"", ""img_4ih2ggld"", ""img_5n1q8atc"", ""img_71vgq3fw"", ""img_9luzk4jm"", ""img_avn74qx1"", ""img_b3esycq1"", ""img_cfe5vt7s"", ""img_epqdaau9"", ""img_f1vzngrs"", ""img_ffwubibz"", ""img_fzrt2k6r"", ""img_hzumfsms"", ""img_i9jiqjwl"", ""img_iv6g2oq0"", ""img_kbdh4tri"", ""img_mgxahqnk"", ""img_pl8uabbv"", ""img_ptg8lmto"", ""img_r17byphk"", ""img_rxax5ozo"", ""img_tuy3zymq"", ""img_ufdvpb81"", ""img_uhdslk0o"", ""img_utfgcjfa"", ""img_vc2whyaq"", ""img_x77cy643"", ""img_x7u69zsw"", ""img_xgj4xftb""]","[""img_hawkfj64""]","[""1612"", ""1780"", ""1880"", ""1904"", ""2048"", ""2060"", ""2068"", ""2080"", ""2088"", ""2148"", ""2156"", ""2272"", ""2316""]","[""1904""]",7,7,16
leave_one_image_out,img_hzumfsms,30,1,"[""img_0grcilhi"", ""img_3806gxp0"", ""img_4ih2ggld"", ""img_5n1q8atc"", ""img_71vgq3fw"", ""img_9luzk4jm"", ""img_avn74qx1"", ""img_b3esycq1"", ""img_cfe5vt7s"", ""img_epqdaau9"", ""img_f1vzngrs"", ""img_ffwubibz"", ""img_fzrt2k6r"", ""img_hawkfj64"", ""img_i9jiqjwl"", ""img_iv6g2oq0"", ""img_kbdh4tri"", ""img_mgxahqnk"", ""img_pl8uabbv"", ""img_ptg8lmto"", ""img_r17byphk"", ""img_rxax5ozo"", ""img_tuy3zymq"", ""img_ufdvpb81"", ""img_uhdslk0o"", ""img_utfgcjfa"", ""img_vc2whyaq"", ""img_x77cy643"", ""img_x7u69zsw"", ""img_xgj4xftb""]","[""img_hzumfsms""]","[""1612"", ""1780"", ""1880"", ""1904"", ""2048"", ""2060"", ""2068"", ""2080"", ""2088"", ""2148"", ""2156"", ""2272"", ""2316""]","[""2088""]",7,7,16
leave_one_image_out,img_i9jiqjwl,30,1,"[""img_0grcilhi"", ""img_3806gxp0"", ""img_4ih2ggld"", ""img_5n1q8atc"", ""img_71vgq3fw"", ""img_9luzk4jm"", ""img_avn74qx1"", ""img_b3esycq1"", ""img_cfe5vt7s"", ""img_epqdaau9"", ""img_f1vzngrs"", ""img_ffwubibz"", ""img_fzrt2k6r"", ""img_hawkfj64"", ""img_hzumfsms"", ""img_iv6g2oq0"", ""img_kbdh4tri"", ""img_mgxahqnk"", ""img_pl8uabbv"", ""img_ptg8lmto"", ""img_r17byphk"", ""img_rxax5ozo"", ""img_tuy3zymq"", ""img_ufdvpb81"", ""img_uhdslk0o"", ""img_utfgcjfa"", ""img_vc2whyaq"", ""img_x77cy643"", ""img_x7u69zsw"", ""img_xgj4xftb""]","[""img_i9jiqjwl""]","[""1612"", ""1780"", ""1880"", ""1904"", ""2048"", ""2060"", ""2068"", ""2080"", ""2088"", ""2148"", ""2156"", ""2272"", ""2316""]","[""2272""]",7,6,17
leave_one_image_out,img_iv6g2oq0,30,1,"[""img_0grcilhi"", ""img_3806gxp0"", ""img_4ih2ggld"", ""img_5n1q8atc"", ""img_71vgq3fw"", ""img_9luzk4jm"", ""img_avn74qx1"", ""img_b3esycq1"", ""img_cfe5vt7s"", ""img_epqdaau9"", ""img_f1vzngrs"", ""img_ffwubibz"", ""img_fzrt2k6r"", ""img_hawkfj64"", ""img_hzumfsms"", ""img_i9jiqjwl"", ""img_kbdh4tri"", ""img_mgxahqnk"", ""img_pl8uabbv"", ""img_ptg8lmto"", ""img_r17byphk"", ""img_rxax5ozo"", ""img_tuy3zymq"", ""img_ufdvpb81"", ""img_uhdslk0o"", ""img_utfgcjfa"", ""img_vc2whyaq"", ""img_x77cy643"", ""img_x7u69zsw"", ""img_xgj4xftb""]","[""img_iv6g2oq0""]","[""1612"", ""1880"", ""1904"", ""2048"", ""2060"", ""2068"", ""2080"", ""2088"", ""2148"", ""2156"", ""2272"", ""2316""]","[""1780""]",6,7,17
leave_one_image_out,img_kbdh4tri,30,1,"[""img_0grcilhi"", ""img_3806gxp0"", ""img_4ih2ggld"", ""img_5n1q8atc"", ""img_71vgq3fw"", ""img_9luzk4jm"", ""img_avn74qx1"", ""img_b3esycq1"", ""img_cfe5vt7s"", ""img_epqdaau9"", ""img_f1vzngrs"", ""img_ffwubibz"", ""img_fzrt2k6r"", ""img_hawkfj64"", ""img_hzumfsms"", ""img_i9jiqjwl"", ""img_iv6g2oq0"", ""img_mgxahqnk"", ""img_pl8uabbv"", ""img_ptg8lmto"", ""img_r17byphk"", ""img_rxax5ozo"", ""img_tuy3zymq"", ""img_ufdvpb81"", ""img_uhdslk0o"", ""img_utfgcjfa"", ""img_vc2whyaq"", ""img_x77cy643"", ""img_x7u69zsw"", ""img_xgj4xftb""]","[""img_kbdh4tri""]","[""1612"", ""1780"", ""1880"", ""1904"", ""2048"", ""2060"", ""2068"", ""2080"", ""2088"", ""2148"", ""2156"", ""2272"", ""2316""]","[""2060""]",7,7,16
leave_one_image_out,img_mgxahqnk,30,1,"[""img_0grcilhi"", ""img_3806gxp0"", ""img_4ih2ggld"", ""img_5n1q8atc"", ""img_71vgq3fw"", ""img_9luzk4jm"", ""img_avn74qx1"", ""img_b3esycq1"", ""img_cfe5vt7s"", ""img_epqdaau9"", ""img_f1vzngrs"", ""img_ffwubibz"", ""img_fzrt2k6r"", ""img_hawkfj64"", ""img_hzumfsms"", ""img_i9jiqjwl"", ""img_iv6g2oq0"", ""img_kbdh4tri"", ""img_pl8uabbv"", ""img_ptg8lmto"", ""img_r17byphk"", ""img_rxax5ozo"", ""img_tuy3zymq"", ""img_ufdvpb81"", ""img_uhdslk0o"", ""img_utfgcjfa"", ""img_vc2whyaq"", ""img_x77cy643"", ""img_x7u69zsw"", ""img_xgj4xftb""]","[""img_mgxahqnk""]","[""1612"", ""1780"", ""1880"", ""1904"", ""2048"", ""2060"", ""2068"", ""2080"", ""2088"", ""2148"", ""2156"", ""2272"", ""2316""]","[""1904""]",7,7,16
leave_one_image_out,img_pl8uabbv,30,1,"[""img_0grcilhi"", ""img_3806gxp0"", ""img_4ih2ggld"", ""img_5n1q8atc"", ""img_71vgq3fw"", ""img_9luzk4jm"", ""img_avn74qx1"", ""img_b3esycq1"", ""img_cfe5vt7s"", ""img_epqdaau9"", ""img_f1vzngrs"", ""img_ffwubibz"", ""img_fzrt2k6r"", ""img_hawkfj64"", ""img_hzumfsms"", ""img_i9jiqjwl"", ""img_iv6g2oq0"", ""img_kbdh4tri"", ""img_mgxahqnk"", ""img_ptg8lmto"", ""img_r17byphk"", ""img_rxax5ozo"", ""img_tuy3zymq"", ""img_ufdvpb81"", ""img_uhdslk0o"", ""img_utfgcjfa"", ""img_vc2whyaq"", ""img_x77cy643"", ""img_x7u69zsw"", ""img_xgj4xftb""]","[""img_pl8uabbv""]","[""1612"", ""1780"", ""1880"", ""1904"", ""2048"", ""2060"", ""2068"", ""2080"", ""2088"", ""2148"", ""2156"", ""2272"", ""2316""]","[""2272""]",7,7,16
leave_one_image_out,img_ptg8lmto,30,1,"[""img_0grcilhi"", ""img_3806gxp0"", ""img_4ih2ggld"", ""img_5n1q8atc"", ""img_71vgq3fw"", ""img_9luzk4jm"", ""img_avn74qx1"", ""img_b3esycq1"", ""img_cfe5vt7s"", ""img_epqdaau9"", ""img_f1vzngrs"", ""img_ffwubibz"", ""img_fzrt2k6r"", ""img_hawkfj64"", ""img_hzumfsms"", ""img_i9jiqjwl"", ""img_iv6g2oq0"", ""img_kbdh4tri"", ""img_mgxahqnk"", ""img_pl8uabbv"", ""img_r17byphk"", ""img_rxax5ozo"", ""img_tuy3zymq"", ""img_ufdvpb81"", ""img_uhdslk0o"", ""img_utfgcjfa"", ""img_vc2whyaq"", ""img_x77cy643"", ""img_x7u69zsw"", ""img_xgj4xftb""]","[""img_ptg8lmto""]","[""1612"", ""1780"", ""1880"", ""1904"", ""2048"", ""2060"", ""2068"", ""2080"", ""2088"", ""2148"", ""2156"", ""2272"", ""2316""]","[""1612""]",7,7,16
leave_one_image_out,img_r17byphk,30,1,"[""img_0grcilhi"", ""img_3806gxp0"", ""img_4ih2ggld"", ""img_5n1q8atc"", ""img_71vgq3fw"", ""img_9luzk4jm"", ""img_avn74qx1"", ""img_b3esycq1"", ""img_cfe5vt7s"", ""img_epqdaau9"", ""img_f1vzngrs"", ""img_ffwubibz"", ""img_fzrt2k6r"", ""img_hawkfj64"", ""img_hzumfsms"", ""img_i9jiqjwl"", ""img_iv6g2oq0"", ""img_kbdh4tri"", ""img_mgxahqnk"", ""img_pl8uabbv"", ""img_ptg8lmto"", ""img_rxax5ozo"", ""img_tuy3zymq"", ""img_ufdvpb81"", ""img_uhdslk0o"", ""img_utfgcjfa"", ""img_vc2whyaq"", ""img_x77cy643"", ""img_x7u69zsw"", ""img_xgj4xftb""]","[""img_r17byphk""]","[""1612"", ""1780"", ""1880"", ""1904"", ""2048"", ""2060"", ""2068"", ""2080"", ""2088"", ""2148"", ""2156"", ""2272"", ""2316""]","[""2080""]",7,6,17
leave_one_image_out,img_rxax5ozo,30,1,"[""img_0grcilhi"", ""img_3806gxp0"", ""img_4ih2ggld"", ""img_5n1q8atc"", ""img_71vgq3fw"", ""img_9luzk4jm"", ""img_avn74qx1"", ""img_b3esycq1"", ""img_cfe5vt7s"", ""img_epqdaau9"", ""img_f1vzngrs"", ""img_ffwubibz"", ""img_fzrt2k6r"", ""img_hawkfj64"", ""img_hzumfsms"", ""img_i9jiqjwl"", ""img_iv6g2oq0"", ""img_kbdh4tri"", ""img_mgxahqnk"", ""img_pl8uabbv"", ""img_ptg8lmto"", ""img_r17byphk"", ""img_tuy3zymq"", ""img_ufdvpb81"", ""img_uhdslk0o"", ""img_utfgcjfa"", ""img_vc2whyaq"", ""img_x77cy643"", ""img_x7u69zsw"", ""img_xgj4xftb""]","[""img_rxax5ozo""]","[""1612"", ""1780"", ""1880"", ""1904"", ""2048"", ""2060"", ""2068"", ""2080"", ""2088"", ""2148"", ""2156"", ""2272"", ""2316""]","[""2068""]",7,6,17
leave_one_image_out,img_tuy3zymq,30,1,"[""img_0grcilhi"", ""img_3806gxp0"", ""img_4ih2ggld"", ""img_5n1q8atc"", ""img_71vgq3fw"", ""img_9luzk4jm"", ""img_avn74qx1"", ""img_b3esycq1"", ""img_cfe5vt7s"", ""img_epqdaau9"", ""img_f1vzngrs"", ""img_ffwubibz"", ""img_fzrt2k6r"", ""img_hawkfj64"", ""img_hzumfsms"", ""img_i9jiqjwl"", ""img_iv6g2oq0"", ""img_kbdh4tri"", ""img_mgxahqnk"", ""img_pl8uabbv"", ""img_ptg8lmto"", ""img_r17byphk"", ""img_rxax5ozo"", ""img_ufdvpb81"", ""img_uhdslk0o"", ""img_utfgcjfa"", ""img_vc2whyaq"", ""img_x77cy643"", ""img_x7u69zsw"", ""img_xgj4xftb""]","[""img_tuy3zymq""]","[""1612"", ""1780"", ""1880"", ""1904"", ""2048"", ""2060"", ""2068"", ""2080"", ""2088"", ""2148"", ""2156"", ""2272"", ""2316""]","[""2060""]",7,7,16
leave_one_image_out,img_ufdvpb81,30,1,"[""img_0grcilhi"", ""img_3806gxp0"", ""img_4ih2ggld"", ""img_5n1q8atc"", ""img_71vgq3fw"", ""img_9luzk4jm"", ""img_avn74qx1"", ""img_b3esycq1"", ""img_cfe5vt7s"", ""img_epqdaau9"", ""img_f1vzngrs"", ""img_ffwubibz"", ""img_fzrt2k6r"", ""img_hawkfj64"", ""img_hzumfsms"", ""img_i9jiqjwl"", ""img_iv6g2oq0"", ""img_kbdh4tri"", ""img_mgxahqnk"", ""img_pl8uabbv"", ""img_ptg8lmto"", ""img_r17byphk"", ""img_rxax5ozo"", ""img_tuy3zymq"", ""img_uhdslk0o"", ""img_utfgcjfa"", ""img_vc2whyaq"", ""img_x77cy643"", ""img_x7u69zsw"", ""img_xgj4xftb""]","[""img_ufdvpb81""]","[""1612"", ""1780"", ""1880"", ""1904"", ""2048"", ""2060"", ""2068"", ""2080"", ""2088"", ""2148"", ""2156"", ""2272"", ""2316""]","[""2088""]",7,7,16
leave_one_image_out,img_uhdslk0o,30,1,"[""img_0grcilhi"", ""img_3806gxp0"", ""img_4ih2ggld"", ""img_5n1q8atc"", ""img_71vgq3fw"", ""img_9luzk4jm"", ""img_avn74qx1"", ""img_b3esycq1"", ""img_cfe5vt7s"", ""img_epqdaau9"", ""img_f1vzngrs"", ""img_ffwubibz"", ""img_fzrt2k6r"", ""img_hawkfj64"", ""img_hzumfsms"", ""img_i9jiqjwl"", ""img_iv6g2oq0"", ""img_kbdh4tri"", ""img_mgxahqnk"", ""img_pl8uabbv"", ""img_ptg8lmto"", ""img_r17byphk"", ""img_rxax5ozo"", ""img_tuy3zymq"", ""img_ufdvpb81"", ""img_utfgcjfa"", ""img_vc2whyaq"", ""img_x77cy643"", ""img_x7u69zsw"", ""img_xgj4xftb""]","[""img_uhdslk0o""]","[""1612"", ""1780"", ""1904"", ""2048"", ""2060"", ""2068"", ""2080"", ""2088"", ""2148"", ""2156"", ""2272"", ""2316""]","[""1880""]",6,7,17
leave_one_image_out,img_utfgcjfa,30,1,"[""img_0grcilhi"", ""img_3806gxp0"", ""img_4ih2ggld"", ""img_5n1q8atc"", ""img_71vgq3fw"", ""img_9luzk4jm"", ""img_avn74qx1"", ""img_b3esycq1"", ""img_cfe5vt7s"", ""img_epqdaau9"", ""img_f1vzngrs"", ""img_ffwubibz"", ""img_fzrt2k6r"", ""img_hawkfj64"", ""img_hzumfsms"", ""img_i9jiqjwl"", ""img_iv6g2oq0"", ""img_kbdh4tri"", ""img_mgxahqnk"", ""img_pl8uabbv"", ""img_ptg8lmto"", ""img_r17byphk"", ""img_rxax5ozo"", ""img_tuy3zymq"", ""img_ufdvpb81"", ""img_uhdslk0o"", ""img_vc2whyaq"", ""img_x77cy643"", ""img_x7u69zsw"", ""img_xgj4xftb""]","[""img_utfgcjfa""]","[""1612"", ""1780"", ""1880"", ""1904"", ""2048"", ""2060"", ""2068"", ""2080"", ""2088"", ""2148"", ""2156"", ""2272"", ""2316""]","[""2068""]",7,7,16
leave_one_image_out,img_vc2whyaq,30,1,"[""img_0grcilhi"", ""img_3806gxp0"", ""img_4ih2ggld"", ""img_5n1q8atc"", ""img_71vgq3fw"", ""img_9luzk4jm"", ""img_avn74qx1"", ""img_b3esycq1"", ""img_cfe5vt7s"", ""img_epqdaau9"", ""img_f1vzngrs"", ""img_ffwubibz"", ""img_fzrt2k6r"", ""img_hawkfj64"", ""img_hzumfsms"", ""img_i9jiqjwl"", ""img_iv6g2oq0"", ""img_kbdh4tri"", ""img_mgxahqnk"", ""img_pl8uabbv"", ""img_ptg8lmto"", ""img_r17byphk"", ""img_rxax5ozo"", ""img_tuy3zymq"", ""img_ufdvpb81"", ""img_uhdslk0o"", ""img_utfgcjfa"", ""img_x77cy643"", ""img_x7u69zsw"", ""img_xgj4xftb""]","[""img_vc2whyaq""]","[""1612"", ""1780"", ""1880"", ""1904"", ""2048"", ""2060"", ""2068"", ""2080"", ""2088"", ""2148"", ""2156"", ""2272"", ""2316""]","[""2068""]",7,7,16
leave_one_image_out,img_x77cy643,30,1,"[""img_0grcilhi"", ""img_3806gxp0"", ""img_4ih2ggld"", ""img_5n1q8atc"", ""img_71vgq3fw"", ""img_9luzk4jm"", ""img_avn74qx1"", ""img_b3esycq1"", ""img_cfe5vt7s"", ""img_epqdaau9"", ""img_f1vzngrs"", ""img_ffwubibz"", ""img_fzrt2k6r"", ""img_hawkfj64"", ""img_hzumfsms"", ""img_i9jiqjwl"", ""img_iv6g2oq0"", ""img_kbdh4tri"", ""img_mgxahqnk"", ""img_pl8uabbv"", ""img_ptg8lmto"", ""img_r17byphk"", ""img_rxax5ozo"", ""img_tuy3zymq"", ""img_ufdvpb81"", ""img_uhdslk0o"", ""img_utfgcjfa"", ""img_vc2whyaq"", ""img_x7u69zsw"", ""img_xgj4xftb""]","[""img_x77cy643""]","[""1612"", ""1780"", ""1880"", ""1904"", ""2048"", ""2060"", ""2068"", ""2080"", ""2088"", ""2148"", ""2156"", ""2272"", ""2316""]","[""2068""]",7,7,16
leave_one_image_out,img_x7u69zsw,30,1,"[""img_0grcilhi"", ""img_3806gxp0"", ""img_4ih2ggld"", ""img_5n1q8atc"", ""img_71vgq3fw"", ""img_9luzk4jm"", ""img_avn74qx1"", ""img_b3esycq1"", ""img_cfe5vt7s"", ""img_epqdaau9"", ""img_f1vzngrs"", ""img_ffwubibz"", ""img_fzrt2k6r"", ""img_hawkfj64"", ""img_hzumfsms"", ""img_i9jiqjwl"", ""img_iv6g2oq0"", ""img_kbdh4tri"", ""img_mgxahqnk"", ""img_pl8uabbv"", ""img_ptg8lmto"", ""img_r17byphk"", ""img_rxax5ozo"", ""img_tuy3zymq"", ""img_ufdvpb81"", ""img_uhdslk0o"", ""img_utfgcjfa"", ""img_vc2whyaq"", ""img_x77cy643"", ""img_xgj4xftb""]","[""img_x7u69zsw""]","[""1612"", ""1780"", ""1880"", ""1904"", ""2048"", ""2060"", ""2068"", ""2080"", ""2088"", ""2148"", ""2156"", ""2272"", ""2316""]","[""2060""]",7,7,16
leave_one_image_out,img_xgj4xftb,30,1,"[""img_0grcilhi"", ""img_3806gxp0"", ""img_4ih2ggld"", ""img_5n1q8atc"", ""img_71vgq3fw"", ""img_9luzk4jm"", ""img_avn74qx1"", ""img_b3esycq1"", ""img_cfe5vt7s"", ""img_epqdaau9"", ""img_f1vzngrs"", ""img_ffwubibz"", ""img_fzrt2k6r"", ""img_hawkfj64"", ""img_hzumfsms"", ""img_i9jiqjwl"", ""img_iv6g2oq0"", ""img_kbdh4tri"", ""img_mgxahqnk"", ""img_pl8uabbv"", ""img_ptg8lmto"", ""img_r17byphk"", ""img_rxax5ozo"", ""img_tuy3zymq"", ""img_ufdvpb81"", ""img_uhdslk0o"", ""img_utfgcjfa"", ""img_vc2whyaq"", ""img_x77cy643"", ""img_x7u69zsw""]","[""img_xgj4xftb""]","[""1612"", ""1780"", ""1880"", ""1904"", ""2048"", ""2060"", ""2068"", ""2080"", ""2088"", ""2148"", ""2156"", ""2272"", ""2316""]","[""1612""]",7,7,16
leave_one_group_out,1612,29,2,"[""img_0grcilhi"", ""img_3806gxp0"", ""img_4ih2ggld"", ""img_5n1q8atc"", ""img_71vgq3fw"", ""img_9luzk4jm"", ""img_avn74qx1"", ""img_b3esycq1"", ""img_cfe5vt7s"", ""img_epqdaau9"", ""img_f1vzngrs"", ""img_ffwubibz"", ""img_fzrt2k6r"", ""img_hawkfj64"", ""img_hzumfsms"", ""img_i9jiqjwl"", ""img_iv6g2oq0"", ""img_kbdh4tri"", ""img_mgxahqnk"", ""img_pl8uabbv"", ""img_r17byphk"", ""img_rxax5ozo"", ""img_tuy3zymq"", ""img_ufdvpb81"", ""img_uhdslk0o"", ""img_utfgcjfa"", ""img_vc2whyaq"", ""img_x77cy643"", ""img_x7u69zsw""]","[""img_ptg8lmto"", ""img_xgj4xftb""]","[""1780"", ""1880"", ""1904"", ""2048"", ""2060"", ""2068"", ""2080"", ""2088"", ""2148"", ""2156"", ""2272"", ""2316""]","[""1612""]",7,7,15
leave_one_group_out,1780,30,1,"[""img_0grcilhi"", ""img_3806gxp0"", ""img_4ih2ggld"", ""img_5n1q8atc"", ""img_71vgq3fw"", ""img_9luzk4jm"", ""img_avn74qx1"", ""img_b3esycq1"", ""img_cfe5vt7s"", ""img_epqdaau9"", ""img_f1vzngrs"", ""img_ffwubibz"", ""img_fzrt2k6r"", ""img_hawkfj64"", ""img_hzumfsms"", ""img_i9jiqjwl"", ""img_kbdh4tri"", ""img_mgxahqnk"", ""img_pl8uabbv"", ""img_ptg8lmto"", ""img_r17byphk"", ""img_rxax5ozo"", ""img_tuy3zymq"", ""img_ufdvpb81"", ""img_uhdslk0o"", ""img_utfgcjfa"", ""img_vc2whyaq"", ""img_x77cy643"", ""img_x7u69zsw"", ""img_xgj4xftb""]","[""img_iv6g2oq0""]","[""1612"", ""1880"", ""1904"", ""2048"", ""2060"", ""2068"", ""2080"", ""2088"", ""2148"", ""2156"", ""2272"", ""2316""]","[""1780""]",6,7,17
leave_one_group_out,1880,30,1,"[""img_0grcilhi"", ""img_3806gxp0"", ""img_4ih2ggld"", ""img_5n1q8atc"", ""img_71vgq3fw"", ""img_9luzk4jm"", ""img_avn74qx1"", ""img_b3esycq1"", ""img_cfe5vt7s"", ""img_epqdaau9"", ""img_f1vzngrs"", ""img_ffwubibz"", ""img_fzrt2k6r"", ""img_hawkfj64"", ""img_hzumfsms"", ""img_i9jiqjwl"", ""img_iv6g2oq0"", ""img_kbdh4tri"", ""img_mgxahqnk"", ""img_pl8uabbv"", ""img_ptg8lmto"", ""img_r17byphk"", ""img_rxax5ozo"", ""img_tuy3zymq"", ""img_ufdvpb81"", ""img_utfgcjfa"", ""img_vc2whyaq"", ""img_x77cy643"", ""img_x7u69zsw"", ""img_xgj4xftb""]","[""img_uhdslk0o""]","[""1612"", ""1780"", ""1904"", ""2048"", ""2060"", ""2068"", ""2080"", ""2088"", ""2148"", ""2156"", ""2272"", ""2316""]","[""1880""]",6,7,17
leave_one_group_out,1904,28,3,"[""img_3806gxp0"", ""img_4ih2ggld"", ""img_5n1q8atc"", ""img_71vgq3fw"", ""img_9luzk4jm"", ""img_avn74qx1"", ""img_b3esycq1"", ""img_cfe5vt7s"", ""img_epqdaau9"", ""img_f1vzngrs"", ""img_ffwubibz"", ""img_fzrt2k6r"", ""img_hzumfsms"", ""img_i9jiqjwl"", ""img_iv6g2oq0"", ""img_kbdh4tri"", ""img_pl8uabbv"", ""img_ptg8lmto"", ""img_r17byphk"", ""img_rxax5ozo"", ""img_tuy3zymq"", ""img_ufdvpb81"", ""img_uhdslk0o"", ""img_utfgcjfa"", ""img_vc2whyaq"", ""img_x77cy643"", ""img_x7u69zsw"", ""img_xgj4xftb""]","[""img_0grcilhi"", ""img_hawkfj64"", ""img_mgxahqnk""]","[""1612"", ""1780"", ""1880"", ""2048"", ""2060"", ""2068"", ""2080"", ""2088"", ""2148"", ""2156"", ""2272"", ""2316""]","[""1904""]",7,7,14
leave_one_group_out,2048,29,2,"[""img_0grcilhi"", ""img_4ih2ggld"", ""img_5n1q8atc"", ""img_71vgq3fw"", ""img_9luzk4jm"", ""img_b3esycq1"", ""img_cfe5vt7s"", ""img_epqdaau9"", ""img_f1vzngrs"", ""img_ffwubibz"", ""img_fzrt2k6r"", ""img_hawkfj64"", ""img_hzumfsms"", ""img_i9jiqjwl"", ""img_iv6g2oq0"", ""img_kbdh4tri"", ""img_mgxahqnk"", ""img_pl8uabbv"", ""img_ptg8lmto"", ""img_r17byphk"", ""img_rxax5ozo"", ""img_tuy3zymq"", ""img_ufdvpb81"", ""img_uhdslk0o"", ""img_utfgcjfa"", ""img_vc2whyaq"", ""img_x77cy643"", ""img_x7u69zsw"", ""img_xgj4xftb""]","[""img_3806gxp0"", ""img_avn74qx1""]","[""1612"", ""1780"", ""1880"", ""1904"", ""2060"", ""2068"", ""2080"", ""2088"", ""2148"", ""2156"", ""2272"", ""2316""]","[""2048""]",7,5,17
leave_one_group_out,2060,27,4,"[""img_0grcilhi"", ""img_3806gxp0"", ""img_4ih2ggld"", ""img_5n1q8atc"", ""img_9luzk4jm"", ""img_avn74qx1"", ""img_b3esycq1"", ""img_cfe5vt7s"", ""img_epqdaau9"", ""img_f1vzngrs"", ""img_ffwubibz"", ""img_fzrt2k6r"", ""img_hawkfj64"", ""img_hzumfsms"", ""img_i9jiqjwl"", ""img_iv6g2oq0"", ""img_mgxahqnk"", ""img_pl8uabbv"", ""img_ptg8lmto"", ""img_r17byphk"", ""img_rxax5ozo"", ""img_ufdvpb81"", ""img_uhdslk0o"", ""img_utfgcjfa"", ""img_vc2whyaq"", ""img_x77cy643"", ""img_xgj4xftb""]","[""img_71vgq3fw"", ""img_kbdh4tri"", ""img_tuy3zymq"", ""img_x7u69zsw""]","[""1612"", ""1780"", ""1880"", ""1904"", ""2048"", ""2068"", ""2080"", ""2088"", ""2148"", ""2156"", ""2272"", ""2316""]","[""2060""]",7,7,13
leave_one_group_out,2068,27,4,"[""img_0grcilhi"", ""img_3806gxp0"", ""img_4ih2ggld"", ""img_5n1q8atc"", ""img_71vgq3fw"", ""img_9luzk4jm"", ""img_avn74qx1"", ""img_b3esycq1"", ""img_cfe5vt7s"", ""img_epqdaau9"", ""img_f1vzngrs"", ""img_ffwubibz"", ""img_fzrt2k6r"", ""img_hawkfj64"", ""img_hzumfsms"", ""img_i9jiqjwl"", ""img_iv6g2oq0"", ""img_kbdh4tri"", ""img_mgxahqnk"", ""img_pl8uabbv"", ""img_ptg8lmto"", ""img_r17byphk"", ""img_tuy3zymq"", ""img_ufdvpb81"", ""img_uhdslk0o"", ""img_x7u69zsw"", ""img_xgj4xftb""]","[""img_rxax5ozo"", ""img_utfgcjfa"", ""img_vc2whyaq"", ""img_x77cy643""]","[""1612"", ""1780"", ""1880"", ""1904"", ""2048"", ""2060"", ""2080"", ""2088"", ""2148"", ""2156"", ""2272"", ""2316""]","[""2068""]",7,6,14
leave_one_group_out,2080,28,3,"[""img_0grcilhi"", ""img_3806gxp0"", ""img_4ih2ggld"", ""img_5n1q8atc"", ""img_71vgq3fw"", ""img_9luzk4jm"", ""img_avn74qx1"", ""img_b3esycq1"", ""img_epqdaau9"", ""img_f1vzngrs"", ""img_fzrt2k6r"", ""img_hawkfj64"", ""img_hzumfsms"", ""img_i9jiqjwl"", ""img_iv6g2oq0"", ""img_kbdh4tri"", ""img_mgxahqnk"", ""img_pl8uabbv"", ""img_ptg8lmto"", ""img_rxax5ozo"", ""img_tuy3zymq"", ""img_ufdvpb81"", ""img_uhdslk0o"", ""img_utfgcjfa"", ""img_vc2whyaq"", ""img_x77cy643"", ""img_x7u69zsw"", ""img_xgj4xftb""]","[""img_cfe5vt7s"", ""img_ffwubibz"", ""img_r17byphk""]","[""1612"", ""1780"", ""1880"", ""1904"", ""2048"", ""2060"", ""2068"", ""2088"", ""2148"", ""2156"", ""2272"", ""2316""]","[""2080""]",6,6,16
leave_one_group_out,2088,28,3,"[""img_0grcilhi"", ""img_3806gxp0"", ""img_4ih2ggld"", ""img_5n1q8atc"", ""img_71vgq3fw"", ""img_avn74qx1"", ""img_b3esycq1"", ""img_cfe5vt7s"", ""img_epqdaau9"", ""img_f1vzngrs"", ""img_ffwubibz"", ""img_fzrt2k6r"", ""img_hawkfj64"", ""img_i9jiqjwl"", ""img_iv6g2oq0"", ""img_kbdh4tri"", ""img_mgxahqnk"", ""img_pl8uabbv"", ""img_ptg8lmto"", ""img_r17byphk"", ""img_rxax5ozo"", ""img_tuy3zymq"", ""img_uhdslk0o"", ""img_utfgcjfa"", ""img_vc2whyaq"", ""img_x77cy643"", ""img_x7u69zsw"", ""img_xgj4xftb""]","[""img_9luzk4jm"", ""img_hzumfsms"", ""img_ufdvpb81""]","[""1612"", ""1780"", ""1880"", ""1904"", ""2048"", ""2060"", ""2068"", ""2080"", ""2148"", ""2156"", ""2272"", ""2316""]","[""2088""]",7,7,14
leave_one_group_out,2148,29,2,"[""img_0grcilhi"", ""img_3806gxp0"", ""img_4ih2ggld"", ""img_5n1q8atc"", ""img_71vgq3fw"", ""img_9luzk4jm"", ""img_avn74qx1"", ""img_b3esycq1"", ""img_cfe5vt7s"", ""img_ffwubibz"", ""img_fzrt2k6r"", ""img_hawkfj64"", ""img_hzumfsms"", ""img_i9jiqjwl"", ""img_iv6g2oq0"", ""img_kbdh4tri"", ""img_mgxahqnk"", ""img_pl8uabbv"", ""img_ptg8lmto"", ""img_r17byphk"", ""img_rxax5ozo"", ""img_tuy3zymq"", ""img_ufdvpb81"", ""img_uhdslk0o"", ""img_utfgcjfa"", ""img_vc2whyaq"", ""img_x77cy643"", ""img_x7u69zsw"", ""img_xgj4xftb""]","[""img_epqdaau9"", ""img_f1vzngrs""]","[""1612"", ""1780"", ""1880"", ""1904"", ""2048"", ""2060"", ""2068"", ""2080"", ""2088"", ""2156"", ""2272"", ""2316""]","[""2148""]",6,6,17
leave_one_group_out,2156,29,2,"[""img_0grcilhi"", ""img_3806gxp0"", ""img_4ih2ggld"", ""img_5n1q8atc"", ""img_71vgq3fw"", ""img_9luzk4jm"", ""img_avn74qx1"", ""img_cfe5vt7s"", ""img_epqdaau9"", ""img_f1vzngrs"", ""img_ffwubibz"", ""img_hawkfj64"", ""img_hzumfsms"", ""img_i9jiqjwl"", ""img_iv6g2oq0"", ""img_kbdh4tri"", ""img_mgxahqnk"", ""img_pl8uabbv"", ""img_ptg8lmto"", ""img_r17byphk"", ""img_rxax5ozo"", ""img_tuy3zymq"", ""img_ufdvpb81"", ""img_uhdslk0o"", ""img_utfgcjfa"", ""img_vc2whyaq"", ""img_x77cy643"", ""img_x7u69zsw"", ""img_xgj4xftb""]","[""img_b3esycq1"", ""img_fzrt2k6r""]","[""1612"", ""1780"", ""1880"", ""1904"", ""2048"", ""2060"", ""2068"", ""2080"", ""2088"", ""2148"", ""2272"", ""2316""]","[""2156""]",6,6,17
leave_one_group_out,2272,29,2,"[""img_0grcilhi"", ""img_3806gxp0"", ""img_4ih2ggld"", ""img_5n1q8atc"", ""img_71vgq3fw"", ""img_9luzk4jm"", ""img_avn74qx1"", ""img_b3esycq1"", ""img_cfe5vt7s"", ""img_epqdaau9"", ""img_f1vzngrs"", ""img_ffwubibz"", ""img_fzrt2k6r"", ""img_hawkfj64"", ""img_hzumfsms"", ""img_iv6g2oq0"", ""img_kbdh4tri"", ""img_mgxahqnk"", ""img_ptg8lmto"", ""img_r17byphk"", ""img_rxax5ozo"", ""img_tuy3zymq"", ""img_ufdvpb81"", ""img_uhdslk0o"", ""img_utfgcjfa"", ""img_vc2whyaq"", ""img_x77cy643"", ""img_x7u69zsw"", ""img_xgj4xftb""]","[""img_i9jiqjwl"", ""img_pl8uabbv""]","[""1612"", ""1780"", ""1880"", ""1904"", ""2048"", ""2060"", ""2068"", ""2080"", ""2088"", ""2148"", ""2156"", ""2316""]","[""2272""]",7,6,16
leave_one_group_out,2316,29,2,"[""img_0grcilhi"", ""img_3806gxp0"", ""img_71vgq3fw"", ""img_9luzk4jm"", ""img_avn74qx1"", ""img_b3esycq1"", ""img_cfe5vt7s"", ""img_epqdaau9"", ""img_f1vzngrs"", ""img_ffwubibz"", ""img_fzrt2k6r"", ""img_hawkfj64"", ""img_hzumfsms"", ""img_i9jiqjwl"", ""img_iv6g2oq0"", ""img_kbdh4tri"", ""img_mgxahqnk"", ""img_pl8uabbv"", ""img_ptg8lmto"", ""img_r17byphk"", ""img_rxax5ozo"", ""img_tuy3zymq"", ""img_ufdvpb81"", ""img_uhdslk0o"", ""img_utfgcjfa"", ""img_vc2whyaq"", ""img_x77cy643"", ""img_x7u69zsw"", ""img_xgj4xftb""]","[""img_4ih2ggld"", ""img_5n1q8atc""]","[""1612"", ""1780"", ""1880"", ""1904"", ""2048"", ""2060"", ""2068"", ""2080"", ""2088"", ""2148"", ""2156"", ""2272""]","[""2316""]",5,7,17
