protocol,fold_id,image_id,validation_group,true_batch,predicted_batch,raw_decision,correct,majority_prediction,inside_env_Batch_1,inside_env_Batch_2,inside_env_Batch_3,score_Batch_1,score_Batch_2,score_Batch_3
leave_one_image_out,img_0grcilhi,img_0grcilhi,1904,Batch_3,Batch_3,Batch_3,True,Batch_3,5,5,7,1.2131783243037284,1.5879895210706314,1.1972089927964948
leave_one_image_out,img_3806gxp0,img_3806gxp0,2048,Batch_2,Batch_3,Batch_3,False,Batch_3,4,6,7,0.8251638574751774,0.586512147767003,0.6710489083669048
leave_one_image_out,img_4ih2ggld,img_4ih2ggld,2316,Batch_1,ABSTAIN,out_of_distribution,False,Batch_3,5,3,2,2.8577612411872546,4.400765160849936,2.5069376992455865
leave_one_image_out,img_5n1q8atc,img_5n1q8atc,2316,Batch_1,ABSTAIN,out_of_distribution,False,Batch_3,4,1,2,4.249093893158296,4.670393595458876,3.06306997669353
leave_one_image_out,img_71vgq3fw,img_71vgq3fw,2060,Batch_3,Batch_3,Batch_3,True,Batch_3,6,6,8,0.8262318713490927,1.2438641465429034,0.6165293939735773
leave_one_image_out,img_9luzk4jm,img_9luzk4jm,2088,Batch_3,Batch_3,Batch_3,True,Batch_3,6,6,8,1.0347812926761106,1.1988394483748404,1.1596254457840445
leave_one_image_out,img_avn74qx1,img_avn74qx1,2048,Batch_2,Batch_3,Batch_3,False,Batch_3,6,8,9,0.5970144088012536,0.7102811058678087,0.7055610074175948
leave_one_image_out,img_b3esycq1,img_b3esycq1,2156,Batch_2,Batch_1,Batch_1,False,Batch_3,9,7,8,0.21657617932632567,1.266883583505499,0.38863913950421924
leave_one_image_out,img_cfe5vt7s,img_cfe5vt7s,2080,Batch_3,Batch_1,Batch_1,False,Batch_3,9,7,7,0.2560495253992492,0.9499665581821022,0.7208410607199189
leave_one_image_out,img_epqdaau9,img_epqdaau9,2148,Batch_2,Batch_1,Batch_1,False,Batch_3,8,5,6,0.816330641311199,1.0530628933663568,0.9741739087363916
leave_one_image_out,img_f1vzngrs,img_f1vzngrs,2148,Batch_1,Batch_1,Batch_1,True,Batch_3,7,5,6,1.9158472938127282,1.1119170712819382,1.239071658362292
leave_one_image_out,img_ffwubibz,img_ffwubibz,2080,Batch_1,Batch_3,Batch_3,False,Batch_3,5,5,9,0.8839201526608331,0.7308299813750548,0.6762889245819271
leave_one_image_out,img_fzrt2k6r,img_fzrt2k6r,2156,Batch_1,ABSTAIN,inconclusive_between_1_3,False,Batch_3,9,8,9,0.32409036150969905,0.540291846142495,0.30347614387369537
leave_one_image_out,img_hawkfj64,img_hawkfj64,1904,Batch_3,Batch_3,Batch_3,True,Batch_3,7,7,9,0.6337647057009324,0.8721534065623412,0.7257199112748898
leave_one_image_out,img_hzumfsms,img_hzumfsms,2088,Batch_3,Batch_3,Batch_3,True,Batch_3,6,5,9,0.5095035818765907,1.4765639777498138,0.6991975844078235
leave_one_image_out,img_i9jiqjwl,img_i9jiqjwl,2272,Batch_2,ABSTAIN,inconclusive_between_1_2_3,False,Batch_3,9,9,9,0.5258329997267311,0.9562911764308787,0.6443944645245288
leave_one_image_out,img_iv6g2oq0,img_iv6g2oq0,1780,Batch_1,Batch_3,Batch_3,False,Batch_3,7,7,8,0.8609523393411416,0.2524534737588617,0.44343772931319225
leave_one_image_out,img_kbdh4tri,img_kbdh4tri,2060,Batch_3,Batch_3,Batch_3,True,Batch_3,6,6,8,0.43880697613535236,1.3463262243612455,0.34583482451557235
leave_one_image_out,img_mgxahqnk,img_mgxahqnk,1904,Batch_3,Batch_2,Batch_2,False,Batch_3,6,8,7,0.9460178642671762,1.0382974156774576,0.8027430454236626
leave_one_image_out,img_pl8uabbv,img_pl8uabbv,2272,Batch_3,Batch_3,Batch_3,True,Batch_3,8,8,9,0.5118868015768243,0.35058228508446326,0.5882801788154213
leave_one_image_out,img_ptg8lmto,img_ptg8lmto,1612,Batch_3,Batch_3,Batch_3,True,Batch_3,6,7,9,0.7963190590285064,0.47408299163053275,0.5318347914643035
leave_one_image_out,img_r17byphk,img_r17byphk,2080,Batch_2,Batch_3,Batch_3,False,Batch_3,8,4,9,0.6584158528856111,0.9252312483328345,0.8462728176941017
leave_one_image_out,img_rxax5ozo,img_rxax5ozo,2068,Batch_2,Batch_3,Batch_3,False,Batch_3,6,6,9,0.7877601066341019,0.6774179825717678,0.4676997997634805
leave_one_image_out,img_tuy3zymq,img_tuy3zymq,2060,Batch_3,Batch_3,Batch_3,True,Batch_3,6,4,6,1.497895372119041,2.139898041088363,1.2126362708141893
leave_one_image_out,img_ufdvpb81,img_ufdvpb81,2088,Batch_3,Batch_3,Batch_3,True,Batch_3,4,4,8,0.7782808018724211,1.7899338986152145,0.845820241936712
leave_one_image_out,img_uhdslk0o,img_uhdslk0o,1880,Batch_1,Batch_1,Batch_1,True,Batch_3,8,8,7,0.42969065884241486,0.5975762133398151,0.4866845867665713
leave_one_image_out,img_utfgcjfa,img_utfgcjfa,2068,Batch_3,Batch_2,Batch_2,False,Batch_3,6,9,8,0.8701282371934591,0.39833017957572364,0.512760237745414
leave_one_image_out,img_vc2whyaq,img_vc2whyaq,2068,Batch_3,Batch_3,Batch_3,True,Batch_3,6,5,7,0.8962830405106674,0.6686252223636074,0.4742188525387976
leave_one_image_out,img_x77cy643,img_x77cy643,2068,Batch_3,Batch_3,Batch_3,True,Batch_3,6,7,8,0.44912468390710114,0.5799823114172501,0.7547989778120227
leave_one_image_out,img_x7u69zsw,img_x7u69zsw,2060,Batch_3,Batch_3,Batch_3,True,Batch_3,5,2,8,1.1531651276343349,2.2337229867283135,1.5981367860084192
leave_one_image_out,img_xgj4xftb,img_xgj4xftb,1612,Batch_3,Batch_3,Batch_3,True,Batch_3,7,8,9,0.8216812529310684,0.606975563061136,0.5049844934105113
leave_one_group_out,1612,img_ptg8lmto,1612,Batch_3,Batch_3,Batch_3,True,Batch_3,6,7,9,0.7963190590285064,0.47408299163053275,0.6621218037687409
leave_one_group_out,1612,img_xgj4xftb,1612,Batch_3,Batch_3,Batch_3,True,Batch_3,7,8,9,0.8216812529310684,0.606975563061136,0.6967078264880644
leave_one_group_out,1780,img_iv6g2oq0,1780,Batch_1,Batch_3,Batch_3,False,Batch_3,7,7,8,0.8609523393411416,0.2524534737588617,0.44343772931319225
leave_one_group_out,1880,img_uhdslk0o,1880,Batch_1,Batch_1,Batch_1,True,Batch_3,8,8,7,0.42969065884241486,0.5975762133398151,0.4866845867665713
leave_one_group_out,1904,img_0grcilhi,1904,Batch_3,Batch_3,Batch_3,True,Batch_3,5,5,7,1.2131783243037284,1.5879895210706314,1.1972089927964948
leave_one_group_out,1904,img_hawkfj64,1904,Batch_3,Batch_3,Batch_3,True,Batch_3,7,7,9,0.6337647057009324,0.8721534065623412,0.7160701071509898
leave_one_group_out,1904,img_mgxahqnk,1904,Batch_3,Batch_2,Batch_2,False,Batch_3,6,8,7,0.9460178642671762,1.0382974156774576,0.9546517859595328
leave_one_group_out,2048,img_3806gxp0,2048,Batch_2,Batch_3,Batch_3,False,Batch_3,4,6,7,0.8251638574751774,1.19598117015278,0.6710489083669048
leave_one_group_out,2048,img_avn74qx1,2048,Batch_2,Batch_3,Batch_3,False,Batch_3,6,6,9,0.5970144088012536,1.0481313349793349,0.7055610074175948
leave_one_group_out,2060,img_71vgq3fw,2060,Batch_3,Batch_3,Batch_3,True,Batch_3,6,6,7,0.8262318713490927,1.2438641465429034,1.151391246901307
leave_one_group_out,2060,img_kbdh4tri,2060,Batch_3,Batch_3,Batch_3,True,Batch_3,6,6,8,0.43880697613535236,1.3463262243612455,0.5033529150868714
leave_one_group_out,2060,img_tuy3zymq,2060,Batch_3,Batch_1,Batch_1,False,Batch_3,6,4,5,1.497895372119041,2.139898041088363,1.6364450058652316
leave_one_group_out,2060,img_x7u69zsw,2060,Batch_3,Batch_1,Batch_1,False,Batch_3,5,2,4,1.1531651276343349,2.2337229867283135,1.9704254939010282
leave_one_group_out,2068,img_rxax5ozo,2068,Batch_2,Batch_3,Batch_3,False,Batch_3,6,6,8,0.7877601066341019,0.6774179825717678,0.557162047465131
leave_one_group_out,2068,img_utfgcjfa,2068,Batch_3,Batch_2,Batch_2,False,Batch_3,6,9,8,0.8701282371934591,0.4425992518632284,0.6193562997209674
leave_one_group_out,2068,img_vc2whyaq,2068,Batch_3,Batch_3,Batch_3,True,Batch_3,6,5,7,0.8962830405106674,0.8517753271076841,0.6158885544949385
leave_one_group_out,2068,img_x77cy643,2068,Batch_3,Batch_3,Batch_3,True,Batch_3,6,6,8,0.44912468390710114,0.5736303707022854,0.915681764830942
leave_one_group_out,2080,img_cfe5vt7s,2080,Batch_3,Batch_1,Batch_1,False,Batch_3,7,6,7,0.5185644706713063,1.118835902352815,0.7208410607199189
leave_one_group_out,2080,img_ffwubibz,2080,Batch_1,Batch_3,Batch_3,False,Batch_3,5,5,9,0.8839201526608331,0.8413372683920889,0.5733451904771755
leave_one_group_out,2080,img_r17byphk,2080,Batch_2,Batch_1,Batch_1,False,Batch_3,7,4,7,0.6826832034289275,0.9252312483328345,0.844212427290391
leave_one_group_out,2088,img_9luzk4jm,2088,Batch_3,Batch_3,Batch_3,True,Batch_3,6,6,8,1.0347812926761106,1.1988394483748404,1.6153207234133309
leave_one_group_out,2088,img_hzumfsms,2088,Batch_3,Batch_3,Batch_3,True,Batch_3,6,5,9,0.5095035818765907,1.4765639777498138,0.8834095859934956
leave_one_group_out,2088,img_ufdvpb81,2088,Batch_3,Batch_3,Batch_3,True,Batch_3,4,4,8,0.7782808018724211,1.7899338986152145,1.1559255756744606
leave_one_group_out,2148,img_epqdaau9,2148,Batch_2,Batch_1,Batch_1,False,Batch_3,7,5,6,1.2080843209813001,1.0530628933663568,0.9741739087363916
leave_one_group_out,2148,img_f1vzngrs,2148,Batch_1,Batch_1,Batch_1,True,Batch_3,7,5,6,1.9158472938127282,1.509314114311488,1.239071658362292
leave_one_group_out,2156,img_b3esycq1,2156,Batch_2,Batch_1,Batch_1,False,Batch_3,9,7,8,0.4679370553764761,1.266883583505499,0.38863913950421924
leave_one_group_out,2156,img_fzrt2k6r,2156,Batch_1,ABSTAIN,inconclusive_between_1_3,False,Batch_3,9,7,9,0.32409036150969905,0.8322648373814582,0.30347614387369537
leave_one_group_out,2272,img_i9jiqjwl,2272,Batch_2,ABSTAIN,inconclusive_between_1_2_3,False,Batch_3,9,9,9,0.5258329997267311,0.9562911764308787,0.5306848550865573
leave_one_group_out,2272,img_pl8uabbv,2272,Batch_3,Batch_3,Batch_3,True,Batch_3,8,8,9,0.5118868015768243,0.24454092660069643,0.5882801788154213
leave_one_group_out,2316,img_4ih2ggld,2316,Batch_1,ABSTAIN,out_of_distribution,False,Batch_3,3,3,2,4.579083557129654,4.400765160849936,2.5069376992455865
leave_one_group_out,2316,img_5n1q8atc,2316,Batch_1,ABSTAIN,out_of_distribution,False,Batch_3,2,1,2,7.608031893057136,4.670393595458876,3.06306997669353
